	eng	kor
3852	Tom is taking baby steps.	톰은 걸음마를 하고 있어.
3420	How many eggs are there in the fridge?	냉장고에 계란 얼마나 있어?
2959	I'm too busy to see Tom.	나는 너무 바빠서 톰을 못 봐.
3802	A human body consists of a countless number of cells.	인간의 몸은 수많은 세포들로 구성되어 있어.
621	Tom says you're lonely.	톰이 말하길 네가 외로워한대.
2152	Here comes our teacher.	우리 선생님 여기 오신다.
2681	Tom is having a hard time swallowing.	톰은 삼키는 데 어려움을 겪고 있어.
2143	I can't believe Tom confessed.	나는 톰이 자백했다는 것을 믿을 수 없다.
3018	I know you hate school.	네가 학교를 싫어한다는 건 알고 있어.
3434	I hope that we don't have to wait for too long.	많이 안 기다려도 되면 좋겠다
1446	She came home very late.	그 사람은 집에 아주 늦게 왔어.
810	Have you ever studied archeology?	고고학을 공부해 본 적 있어?
3323	It's Tom's favorite French word.	이건 톰이 가장 좋아하는 프랑스 단어야.
235	Tom said Mary was overweight.	톰은 메리가 과다체중이라고 했다.
881	I know Tom is afraid of spiders.	난 톰이 거미를 무서워한다는 걸 알고 있어.
1661	I learned how to cook from Tom.	난 톰한테서 요리하는 법을 배웠어.
2599	Tom and Mary do as they're told.	톰이랑 메리는 자기들이 말한 대로 하고 있어.
115	I thought that I heard you coughing.	네가 기침한 소리를 들은 줄 알았어.
1713	Do you really think you can convince Tom to do that?	너 정말 톰이 그걸 하도록 설득할 수 있다고 생각해?
2835	Am I talking too much?	내가 너무 말을 많이 하고 있어?
3756	Tom used soap and water to wash his hands.	톰은 손을 씻으려고 비누랑 물을 썼다.
193	I assured Tom that I wouldn't do that.	난 톰한테 내가 안 그럴 거라고 단언했어.
3506	Humans can't live without air.	인간은 공기 없인 살 수 없어.
2928	His face was red.	그 사람 얼굴은 빨갰어.
2233	Tom asked for a discount.	톰은 값을 깎아달라고 했다.
1468	Why do you hate women?	왜 여자가 싫은 거야?
2124	Tom is a pretty good poet.	톰은 꽤 괜찮은 시인이야.
2743	The fact Tom did that can't be denied.	톰이 그걸 했다는 사실은 부인할 수 없는 사실이야.
3733	Tom prevented Mary from doing that.	톰은 메리가 그걸 못 하도록 막았어.
360	I don't believe Tom is a murderer.	난 톰이 살인자라고 믿지 않아.
2780	What do you remember about last night?	어젯밤에 대해 기억나는 게 뭐야?
1327	Why are you still working?	왜 아직도 일하는 중이야?
317	Are you really thinking about getting married?	너 정말로 결혼생각이 있어?
366	I like Korean cuisine.	전 한국 요리가 좋아요.
1553	I wish that I could've helped Tom more.	내가 톰을 더 도와줄 수 있었다면 좋았을 텐데.
3211	When does your winter vacation begin?	겨울 방학은 언제 시작하나요?
2193	I hope that this is the beginning of a beautiful friendship.	이게 아름다운 우정의 시작이길 바라.
3099	I'm not sure what it was, but it sounded like a gunshot.	그것이 무엇이었는지는 확신할 수는 없지만, 그것은 총소리처럼 들렸다.
3361	I hope Tom knows what to say.	톰이 어떤 말을 해야할지 알고있길 바라.
2446	Who taught you that?	그걸 누가 가르쳐 줬어요?
3069	Women are often judged by their looks.	여자들은 자주 외모로 평가된다.
1955	We are both in the same class.	우리 둘다 같은 반이네.
3271	I didn't think Tom knew how to drive.	난 톰이 운전하는 법을 안다는 걸 몰랐어.
733	Am I older than you?	내가 너보다 나이가 많아?
219	I'm sure Tom is going to be there.	톰은 거기에 갈 거라고 확신해.
1362	I don't want to study medicine.	난 의학을 공부하고 싶지 않아.
878	The gift was still wrapped.	선물은 아직도 포장 상태야.
647	I think that we're still too young.	우린 아직 너무 어린 것 같아.
1924	Tom looks old for his age.	톰은 나이에 비해 늙어 보여.
1688	Where can I learn how to surf?	어디서 서핑하는 법을 배울 수 있어?
2962	Tom baked three pies.	톰은 파이를 세개 구웠어.
3043	If Tom saw you doing that, he'd cry.	톰이 네가 이걸 하는 걸 본다면 울게 될 걸.
3584	Is that why they died?	그게 그 사람들이 죽은 이유야?
783	I'm happiest when I'm singing.	난 노래 부르고 있을 때가 가장 행복해.
652	I think Tom and Mary are right.	난 톰과 메리가 맞는 것 같다.
3029	Tom made Mary mad.	톰은 메리를 화나게 했어.
2978	Can I borrow your scissors?	네 가위 좀 빌려 줄래?
894	Tom can read, can't he?	톰은 읽을 수 있지?
1072	Tom, you've grown so fast.	톰아, 너 너무 빨리 자랐네.
2040	Women like men with mustaches.	여성은 수염이 있는 남성을 좋아해.
1311	Neither Tom nor Mary was injured.	톰도 메리도 안 다쳤어.
2960	Tom is going to be there tonight.	톰은 오늘밤 거기 있을 거야.
470	I want to be able to play the violin as well as Tom.	톰처럼 바이올린을 연주할 수 있으면 좋겠어.
1530	I'm seeing a trend here.	나는 여기서 유행(경향)을 본다.
3811	You should study French.	넌 프랑스어를 공부해야 할 것 같아.
2931	I shook Tom awake.	난 톰을 흔들어 깨웠어.
1358	Tom said that what you told me wasn't true.	톰은 네가 나에게 말한것은 사실이 아니라고 말했다.
1888	My daughter is still quite young.	내 딸은 아직 꽤 어려.
1472	I have some English books.	제게 영어책이 몇권 있습니다.
2166	I believe that the answer is straightforward.	대답이 직접적인 것 같아.
844	Tom thinks that Mary is lonely.	톰은 메리가 외롭다고 생각해.
2094	Learning a musical instrument trains the mind.	악기를 배우는 건 정신을 훈련시킬 수 있어.
3454	We don't lie.	우리는 거짓말을 하지 않아요.
291	It is difficult to convey the meaning exactly.	의미를 정확하게 전달하는 것은 어렵다.
3538	I eat meat almost every day.	나는 매일같이 고기를 먹고 있어.
1339	Tom was three when his mother was killed in a traffic accident.	톰은 어머님이 교통사고로 돌아가셨을 때 세 살이었어.
3128	I hope you have insurance.	당신이 보험이 있기를 바랍니다.
3405	We've been here since October.	우린 10월부터 여기에 있었어.
2813	Tom and Mary became very good friends.	톰과 메리는 아주 좋은 친구가 되었다더라.
2164	You're persistent, aren't you?	넌 끈질긴 사람이야, 맞지?
3797	Tom seems to be worried about something.	톰은 뭔가를 걱정하는 것 처럼 보여.
338	I know I'm going to learn a lot.	내가 많이 배우게 될 거라는 걸 알고 있어.
1271	I wonder if Tom is still unemployed.	톰이 아직도 실업자인지 궁금해.
1931	It's been nice talking to you, but I really must go now.	너와 이야기 하는 것은 정말 좋았는데, 근데 진짜 가봐야 해.
1979	Tom was totally into it.	탐은 그 것에 푹 빠져 있었다.
2920	What did Tom say exactly?	톰이 정확히 뭐라고 말했어?
1878	My ideas are different from yours.	내 생각은 너와 달라.
2764	We had fun with Tom.	우리는 톰과 즐거운 시간을 가졌다.
3208	I'm trying to help you keep your job.	나는 니가 일을 계속하게 도와주고 싶어.
1182	We want you to sing the song.	우리는 네가 그 노래를 불렀으면 좋겠다.
3752	I should've cooked the pork longer.	돼지고기를 더 구웠어야 했는데.
1593	Don't say something you'll regret later.	네가 나중에 후회할 만한 말은 하지마.
1586	Tom was the one who wrote this story.	톰이 이 이야기를 쓴 사람이었어.
1224	The baby was crying in bed.	아기가 침대에서 울고 있었어.
238	Why do I always get up at this time?	나는 왜 항상 이 시간에 일어날까?
758	That's my favorite expression.	이게 바로 내가 가장 좋아하는 표현이야.
2854	Don't put your hands out the window.	창밖으로 손을 내밀지 마세요.
3795	You don't seem to be as artistic as Tom.	넌 톰처럼 예술적으로 보이지는 않네.
37	Are there any girls here you haven't yet met?	네가 아직 만난 적 없는 여자애들도 여기 있어?
3250	Tom has been crying every night.	톰은 매일 밤마다 울어댔다.
608	Tom loves to study music.	톰은 음악 공부하는 걸 좋아해.
10	Tom is having a hard time.	톰은 힘든 시간을 보내고 있어.
657	Is there something that you wish to tell me?	저한테 하실 말씀이 있으신가요?
2442	Police are trained to use weapons.	경찰은 총을 쓸 수 있도록 훈련받았어.
2595	Tom and John pretended to be brothers.	톰이랑 존은 형제인 척 했다.
2278	Who woke Tom up this morning?	오늘 아침 누가 톰을 깨웠니?
428	Tom walked towards the stairs.	톰은 계단을 향해 걸어갔다.
431	Tom doesn't eat any fish except canned tuna.	톰은 참치통조림 이외의 생선류는 절대 먹지 않아.
2356	Tom seems to be very lonely.	톰은 무척이나 외로워 보여.
908	Tom found out what went wrong.	톰은 뭐가 잘못됐는지 알아챘어.
1146	The police believe Tom acted alone.	경찰은 톰이 혼자인 척 했다고 믿고 있어.
839	We don't know whether Tom can come or not.	우리는 톰이 올수 있을지 없을지 모릅니다.
1397	Tom didn't tell Mary why he had to work late.	톰은 메리에게 왜 그가 늦게까지 일해야 했는지 알려주지 않았다.
1476	I spent two hours reading a book last night.	나는 어젯밤에 책을 읽느라 두 시간을 보냈어.
578	Actinium melts at 1,051°C.	악티늄은 1,050°C일 때 녹아.
1368	You're very astute.	넌 참 눈치가 빠르네.
3723	I really like snow.	나는 눈이 정말 좋아요.
66	Foxes are my favorite animal.	여우는 내가 가장 좋아하는 동물이야.
2846	The cat lay hidden in the bushes.	고양이가 덤불 속에 숨어 있었어.
1028	Your cat scratched me.	네 고양이가 날 할퀴었어.
3702	Don't you feel the house shaking?	집이 흔들리는거 같지 않아?
108	I thought that you'd forgotten.	네가 잊어버린 건 줄 알았어.
1429	She is always at the bottom of the class.	그녀는 항상 반에서 꼴찌입니다.
1115	My favorite subject is science.	내가 가장 좋아하는 과목은 과학이야.
1566	Do you two want to be alone?	너희 둘은 혼자가 되고싶어?
53	I should've never trusted Tom.	나는 톰을 믿지않았어야 했어.
402	I've been kidnapped.	나 유괴 당한 적 있어.
1313	Tom is reading a magazine.	톰은 잡지를 읽고 있어.
264	Could you make sure Tom is OK?	톰이 괜찮은지 확인해줄 수 있어?
2732	Do you think Tom is lying?	너는 톰이 거짓말을 하고 있다고 생각하니?
3224	I may be too old.	난 아마 너무 늙었어.
21	This isn't a French word.	이건 프랑스어 단어가 아니야.
2049	Come on. Give it a try.	괜찮아. 한 번 해봐.
260	Tom is ashamed of his body.	톰은 자기 몸을 창피해하고 있어.
1312	Astronomy is by no means a new science.	천문학은 결코 신생 과학이 아니야.
495	Will Tom come with his wife, or alone?	톰이 자기 아내랑 올까, 아니면 혼자 올까?
1991	He kept me waiting.	그는 나를 기다리게 했다.
2553	Where is the bank?	그 은행은 어디에 있어요?
1720	Lack of sleep is bad for the body.	수면 부족은 몸에 나빠.
659	I want Tom to go to Australia to visit his uncle.	난 톰이 삼촌네에 방문하러 호주에 갔으면 좋겠어.
910	I know that Tom is a very good chess player.	나는 톰이 체스를 아주 잘 둔다는 것을 알고 있어.
927	It's difficult for me to express myself in French.	프랑스어로 자기소개를 하는 것은 내게 어려운 일이다.
741	Can the matter wait till tomorrow?	그 일은 내일까지 기다려도 돼?
343	When should I do that?	내가 언제 그걸 하면 될까?
2560	I want Tom to help me clean the house.	난 톰이 집청소를 도와줬으면 해.
2767	He won't let anybody sit in his armchair.	그는 아무도 그의 안락의자에 못 앉게 할 것이다.
131	Tom wasn't in when I dropped by.	톰은 내가 들렸을 때 없었다.
3451	I don't like Boston as much as I used to.	난 보스턴을 예전만큼 좋아하지 않아.
1560	He stopped smoking last year.	그 사람 작년에 담배 끊었어.
134	Did you know Tom was lonely?	톰이 외롭다는 걸 알고 있었어?
1801	Tom isn't here, I assure you.	톰은 여기 없어, 내가 장담해.
3639	I wasn't comfortable with the situation.	난 이 상황이 편안하지 않아.
2227	I wish I could remember everything Tom told me.	난 톰이 나한테 말한 모든 것을 기억했으면 좋겠어.
2773	Why are you acting so childish?	넌 왜 그렇게 애같이 굴어?
233	I saw Tom working.	난 톰이 일하는 걸 봤어.
196	Tom said that Mary was autistic.	톰이 말하길 메리가 자폐증이래.
728	Help yourself to anything you'd like to eat.	먹고 싶은 것들 마음껏 먹어.
2175	I've read your book. It was very interesting.	당신 책을 읽어봤었어요. 꽤 흥미롭더라구요.
2400	I'm looking for a hat to match a brown dress.	갈색 드레스와 어울리는 모자를 찾고 있어요.
649	That's why I've done all this.	그게 내가 이 모든 것을 한 이유이다.
2149	Tom sat down by the fire.	톰은 불 옆에 앉았다.
488	Tom is married to a Canadian woman named Mary.	톰은 메리라는 캐나다 여성이랑 결혼했어.
2730	Of course you have to pay. What did you think?	당연히 돈을 내야한다. 어떻게 생각했니?
265	We have a white cat.	우린 하얀색 고양이를 가지고 있어.
1800	I think the mistake is mine.	이건 내탓인 것 같아.
1164	Tom slammed down the phone.	톰은 전화기를 쾅 놓았다.
316	Tom was standing outside the window, listening to Mary and John talking.	톰은 메리와 존이 말하는 것을 들으며 창문 밖에 서 있었다.
1940	It's not as difficult as you think.	그건 네가 생각하는 만큼 어려운 건 아냐.
2372	Not all of my cats are gray.	모든 고양이가 회색인 건 아니야.
2176	I've always been an independent person.	난 전부터 항상 독립적인 사람이야.
1861	Tom is better at French than I am.	톰이 나보다 프랑스어 잘해.
776	I hate my voice.	나는 내 목소리가 싫다.
2200	The new subway enables me to get to school in 20 minutes.	새 지하철은 20분 만에 학교에 갈 수 있게 해줘.
2134	They made fun of Mary.	그들이 메리를 즐겁게 했다.
496	Sorry, but I'm busy.	미안한데, 나 바빠.
509	"How do you say ""I love you"" in French?"	"""사랑해""를 프랑스어로 어떻게 말해?"
1972	I tried to act cool.	나는 쿨하게 보이려고 노력했어.
3019	Tell me what you said to Tom.	네가 톰한테 뭐라고 말했는지 알려줘.
2012	I have to introduce Tom to the manager.	나는 톰을 매니저에게 소개시켜줘야 합니다.
3275	I only did the bare minimum.	난 가장 최소한의 정도만 했어.
2619	Tom is lonely because he has no one to play with.	톰은 같이 놀 사람이 없어서 외로워하고 있어.
1078	I knew that Tom didn't want to do that again.	난 톰이 저걸 다시는 하기 싫어한다는 걸 알고 있었어.
3662	I like learning ancient languages.	난 고대 언어를 배우는 걸 좋아해.
1986	Tom is relatively fit and healthy.	톰이 상대적으로 가장 알맞고 건강하다.
770	I haven't finished this yet.	이거 아직도 못 끝냈어.
1655	Did you like the flowers that I sent you?	내가 너한테 보낸 꽃 마음에 들었어?
2245	Where can I learn French?	어디서 프랑스어를 배울 수 있어?
394	I'm sorry I left without you.	너 빼고 가버려서 미안해.
3590	I feel like this isn't going to end well.	좋게 끝날 것 같지 않은 기분이야.
2023	Tell me I'm not dreaming.	내가 꿈을 꾸는 것이 아니라고 말해.
1276	Tom was three years old when his mother was killed in a traffic accident.	톰은 어머님이 교통사고로 돌아가셨을 때 세 살이었어.
3698	I'm way stronger than I used to be.	나는 예전의 나보다 훨씬 강해.
2991	I sincerely regret having caused you such an inconvenience.	폐를 끼쳐서 진심으로 죄송합니다.
2632	Tom is likely to make a mistake.	톰이 실수를 할 것 같아.
1992	I think French is the most beautiful language in the world.	프랑스어는 세상에서 가장 아름다운 언어인 것 같아.
3814	I think that what you're doing is wrong.	네가 하고 있는 것은 틀린 것 같아.
432	Did you get a chance to talk with Tom?	톰과 대화할 기회라도 생겼어?
3453	I think that Tom is a workaholic.	톰은 일 중독자인 것 같아.
1400	Tom is probably not going to be there.	톰은 아마 거기에 안 갈 거야.
2652	Tom said goodbye and left.	톰은 작별인사를 하고 떠나버렸어.
2610	What's your opinion on that?	그것에 대한 당신의 의견은 무엇인가?
1590	The government tends to control the media.	정부는 매체를 조종하는 경향이 있다.
275	Will you help us now?	이제 우릴 도와줄 거야?
1163	Tom is planting a palm tree in his backyard.	톰이 뒷마당에 야자 나무를 심고 있다.
67	I never should've borrowed money from Tom.	난 톰한테 돈을 절대 빌리지 말았어야 했는데.
28	Tom sleeps all the time.	톰은 맨날 잠만 자.
2546	Not all horses were born equal. A few were born to win.	모든 말들이 동등하게 태어난 건 아니야. 몇몇은 이기기 위해 태어났어.
1787	We had a good time yesterday.	우리는 어제 즐겁게 지냈다.
2321	Tom's explanation was too complex.	톰은 너무 복잡하게 설명해.
1685	I want to learn Chinese next year.	나는 내년에 중국어를 배우고 싶다.
49	I learned to write in school.	난 학교에서 쓰는 법을 배웠어.
1293	The Mona Lisa was painted by Leonardo da Vinci.	모나리자는 레오나르도 다빈치가 그렸어.
1427	Tom is wearing a baseball cap.	톰은 야구 모자를 쓰고 있어.
2948	I don't think Tom is sorry.	톰이 미안해 하는 것 같지 않은데.
3579	Tom left us some food and water.	톰은 우리에게 약간의 음식과 물을 남겨주었다.
2016	The following morning, the snowman was completely melted.	다음 날, 눈사람은 완전히 녹아버렸어.
3295	Quick, hide over here!	빨리, 이쪽으로 숨어!
1123	I live in a small apartment.	나는 작은 아파트에 살아요.
976	I really hate myself right now.	바로 지금 난 내 자신이 싫어.
2912	I try to act appropriately.	적절하게 처신하려고 노력하는 중이야.
1126	I hear that there are people in Japan that keep penguins as pets.	일본에는 펭귄을 키우는 사람이 있대.
2463	These three books belong to Tom.	이 책 세 권은 톰 거야.
1692	He goes swimming in the river every day.	그는 매일 강에 수영하러 간다.
452	Tom is still quite young.	톰은 아직도 꽤 어려.
1708	I don't like cookies, either.	난 쿠키도 안 좋아해.
3575	Don't pry into my private life.	내 사생활 캐묻지 마.
781	Tom shut his computer off.	톰은 자기 컴퓨터를 껐어.
2009	He came to London by way of Siberia.	그 사람은 시베리아를 거쳐서 런던에 왔어.
2997	He's in his fifties.	그 사람은 오십 대야.
712	Tom used Mary's computer.	톰은 메리의 컴퓨터를 썼어.
2274	We studied French for three years.	우린 3년동안 프랑스어를 공부했어.
2984	Let us know what you decide.	네가 결정한 걸 알려줘 봐.
3766	Are you sure they can do that?	네가 그걸 할 수 있다고 확신해?
964	The tire factory employs 250 people.	그 타이어 공장은 250명을 고용한다.
1938	We can do this without Tom's help.	우리는 톰의 도움없이 이것을 할 수 있다.
2785	Have you ever been to Tom's home?	톰 집에 가본 적 있어?
1943	One woman was killed.	여자 한 명이 살해당했어.
2794	What's Tom's favorite drink?	톰이 가장 좋아하는 음료는 뭐야?
2234	I'm still optimistic about the project.	난 그 프로젝트에 대해 아직 긍정적이야.
2156	My daughter is not yet three.	내 딸은 아직 3 살이 안 됐어.
1200	Tom has been battling depression for many years.	톰은 수년 간 우울증과 싸우고 있어.
2406	You can learn French.	넌 프랑스어를 배울 수 있어.
2242	Tom fainted at the sight of the needle.	톰은 바늘의 광경을 보고 실신했어.
425	Tom isn't a lazy boy. As a matter of fact, he works hard.	톰은 게으른 아이가 아니야. 실제로는 열심히 해.
442	We didn't expect it to take this long.	이렇게 시간이 걸릴 줄은 몰랐어.
842	Tom was killed in the battle.	톰은 전쟁 중에 죽었어.
3283	My father is suffering from influenza.	우리 아빠는 인플루엔자에 걸려 있어.
1098	I don't think Tom wants to be my friend anymore.	나는 더 이상 톰이 내 친구가 되고 싶어한다고 생각하지 않아.
444	Tom is quite shy, isn't he?	톰은 좀 소심한 것 같지 않아?
467	I'm aware this is Monday.	지금 월요일이라는 것을 자각하고 있어.
2347	Tom has an appointment at 2:30.	톰은 2시 30분에 약속이 있어.
1106	A virus infected Tom's computer.	톰 컴퓨터는 바이러스에 감염되었어.
3287	Tom knows something you don't.	톰은 네가 모르고 있는 걸 알고 있어.
1	What do you think of Tom's new car?	톰의 새로운 자동차에 대해 어떻게 생각해?
3001	When was the last time you went canoeing?	가장 최근에 카누를 탄 적이 언제야?
906	Tom was probably pondering something.	톰은 아마 뭔가를 곰곰히 생각하고 있었을 거야.
2252	Who's the person who was just speaking to you?	너한테 막 말 걸던 사람 누구야?
2559	I met Tom after work.	난 퇴근 후 톰을 만났다.
1717	Prior to the meeting, they had dinner.	미팅에 앞서 사람들은 만찬을 했다.
487	Tom met Mary in 2013.	톰은 메리를 2013년에 만났어.
2497	We can't give up.	우린 포기할 수 없어.
110	Company regulations mandate that workers use protective eyewear.	회사 방침에 따르면 근로자가 보호 안경을 사용하도록 되어 있어요.
1203	No one listens anymore.	더이상 아무도 듣지 않는다.
2796	My wife is wearing a blue dress.	내 아내는 파란 드레스를 입고 있어.
1637	Every time I read this novel, I find it very interesting.	나는 이 소설을 읽을 때마다, 매번 이 소설에 흥미를 느낀다.
949	I'm a patient man.	난 참을성이 있는 남자야.
1243	I don't like this store.	이 가게 마음에 안들어.
3174	It looks like it's going to rain.	비가 올 것 같네요.
2640	Learning French takes time.	프랑스어를 배우는 데에는 시간이 걸려.
3724	Could you tell me what that means?	그게 뭘 의미하는 건지 말해줄 수 있을까?
911	Tom eats meat, but Mary doesn't.	톰은 마리와는 달리 고기를 먹을 수 있어.
1125	Tom is allowed to stay. The rest of you have to leave.	톰은 남아 있어도 돼. 너희 나머지는 나가야 해.
1609	You two are adorable!	너희 둘 정말 귀엽네!
577	I love this school.	난 이 학교를 좋아해.
1831	What are you washing?	당신은 무엇을 씻고 있습니까?
1088	My daughter is only three.	내 딸은 3살일 뿐이야.
622	Have you ever been in prison?	너 교도소에 간 적 있어?
2055	Tom is having a tough time.	톰은 힘든 시간을 보내고 있어.
3717	Tom is going to check it out.	톰이 확인하러 갈 거야.
3475	Are you blaming me for your lack of success?	네가 성공을 못 하는 것을 내 탓으로 돌리는 거니?
386	We never should've gone to Australia.	우린 절대 호주에 가지 말았어야 했는데.
947	Tom wouldn't let them in.	톰은 그들을 못 들어 오게 했다.
497	Tom didn't get up early.	톰은 일찍 일어나지 않았어.
2943	There are things that can't be left to chance.	운에 맡길 수 없는 것들이 있다.
1835	Have you talked to the doctors yet?	아직 의사랑 말 안했어?
2011	I can't tell you much yet.	아직은 많은 것을 말해 줄 수는 없어.
1626	Have you ever seen Tom laugh?	톰이 웃은 걸 한번이라도 본 적 있어?
1579	Tom was afraid to be here.	톰이 여기에 있길 두려워 했어.
548	I like your cat, but she doesn't like me.	나는 네 고양이가 좋은데, 네 고양이는 나를 싫어하네.
163	I like learning languages.	난 언어를 배우는 것을 좋아해.
447	I want to learn guitar.	기타 치는 법을 배우고 싶어.
2639	I should've told you everything earlier.	너한테 모든 걸 좀 더 빨리 얘기했어야 했는데.
2223	She dyed her hair blonde.	그녀는 머리를 금발로 염색했다.
349	I wonder if Tom noticed the difference.	톰이 다른 점을 눈치챘는지 의문스러워.
257	I was happy to help you.	널 도울 수 있어서 기뻤어.
2204	I haven't heard from anyone.	아무에게도 들어본 적이 없어.
2970	My worst fears came true.	내가 우려했던 최악의 상황이 현실로 되었어.
1606	Tom climbed the mountain.	톰은 그 산을 올라갔다.
2655	Nothing is certain but death and taxes.	죽음과 세금만큼 확실한 것은 없어.
1421	How many years did you live in Boston?	보스턴에서 몇 년 동안 살았어?
805	Can you tell where this road goes?	이 길이 어디로 가는지 알려 줄래?
231	I know that Tom can win.	톰이 이길 수 있다는 건 알고 있어.
82	Tom filled the bathtub with warm water.	톰은 욕조에 따뜻한 물을 부었어.
277	You need to study French.	넌 프랑스어를 공부할 필요가 있어.
2221	Tom is bedridden now.	톰은 지금 침대 신세야.
640	Is that all you want to say?	그게 네가 하고 싶은 말 전부니?
118	This soup is too salty.	이 국 너무 짜요.
2676	I can help you tomorrow.	난 널 내일 도와줄 수 있어.
2109	How about stopping the car and taking a rest?	차를 멈추게하고 쉬는게 어때?
3769	Is your apartment well maintained?	네 아파트는 잘 유지되고 있니?
3799	I know Tom personally.	난 톰을 개인적으로 알고 있어.
3704	Tom went to bed very late.	톰은 엄청 늦게 잤어.
1129	Tom and Mary still live next door to John and Alice.	톰과 메리는 아직도 존과 앨리스의 옆집에 살고 있어.
3432	Now we have one less thing to worry about.	이제 우리는 걱정 거리가 하나 줄었다.
3309	Is there something that you wish to tell me?	뭔가 할 말이 있니?
3285	This restroom's toilet is clogged.	이 화장실의 변기는 막혔어요.
330	We've isolated the problem.	우리는 그 문제를 고립시켰어.
3190	Tom is going home now.	톰은 지금 집에 갈거래.
868	I hate myself for hating Tom.	톰이 싫어서 내 자신이 싫어.
2968	Tom knows not to do that here.	톰은 여기서 그렇게 하지 않을것을 안다.
2946	Don't you want to go with me?	나랑 같이 가고 싶지 않아?
740	This book is way more interesting than that one.	이 책이 저거보다 훨씬 흥미롭다.
283	How many times do I need to repeat it?	몇 번을 반복해야 해?
1597	I should've bought more food.	내가 먹을 것을 더 샀어야 했는데.
1011	He tried to open the door.	그가 문을 열려고 하였다.
1622	The cats are meowing.	고양이들이 야옹하고 울고 있어.
3489	What kind of work do you do?	어떤 종류의 일을 하세요?
800	Tom was at the pub with his friends last night.	톰은 어젯밤에 친구랑 술집에 있었어.
3765	What do you think this sentence means?	이 문장이 무슨 뜻인 것 같아?
3697	Tom finally found his keys.	톰이 드디어 자기 열쇠를 찾았다더라.
702	Tom really made me feel at home.	톰은 내가 마치 집에 있는 것처럼 편안하게 해주었어.
683	I wonder why Tom left.	왜 톰이 떠났을까 궁금하네.
3595	I feel like doing that today.	오늘 이걸 하고 싶은 기분이야.
2703	Does anyone oppose the new plan?	새로운 계획에 반대하는 사람있습니까?
528	If your father asks your mother a question in French, does she answer in French or in English?	너의 아버지가 어머니에게 만약 프랑스어로 질문을 하면 그녀는 프랑스어로 대답하니 아니면 영어로 대답하니?
3602	Tom's dog is very big.	톰 강아지는 정말 커.
3127	Tom is a pretty good poet.	톰은 좀 괜찮은 시인이야.
1264	Tom came here to learn French.	톰은 프랑스어를 배우려고 여기에 왔어.
3683	This information is very important to us.	이 정보는 우리한테 있어서 정말 중요해요.
3846	Where did you learn to make pizza?	피자 만드는 법을 어디서 배웠어?
2742	I wanted to see Tom's room.	톰의 방을 보고 싶었어.
3056	I can't answer your question.	나는 네 질문에 답할 수 없어.
287	Tom has kids now.	톰한텐 이제 애들이 있어.
3114	Can you help me?	저를 좀 도와 주실래요?
389	Our new car is not very big.	우리의 새 차는 그렇게 크지는 않다.
3529	I live in a small apartment.	나는 작은 아파트에서 살아.
921	I didn't know Tom was a drug addict.	난 톰이 마약 중독자라는 걸 몰랐어.
1320	How long do you plan to stay there?	거기서 얼마나 있을 예정이야?
7	The earth is much larger than the moon.	지구는 달보다 훨씬 더 넓어.
3443	I need to warn Tom.	나는 톰에게 경고해야 해.
2133	Tom wore jeans and a cowboy hat.	톰은 청바지를 입고 카우보이 모자를 썼어.
2865	Tom's boss was really angry.	톰의 상사는 정말 화가 났다.
3550	I'm not going to go in there.	난 거기에 안 들어갈 거야.
3820	Is it true that you're a high school teacher?	네가 고등학교 선생님이라는 게 사실이야?
888	Tom has three computers.	톰은 컴퓨터를 세 대 가지고 있어.
290	Upon hearing the news, she broke down crying.	그녀는 그 소식을 듣자마자 울음을 터뜨렸다.
1006	This news is important to us.	이 뉴스는 우리에게 중요하다.
216	Tom is our next-door neighbor.	톰은 우리의 옆집 이웃이다.
2399	This grocery store only sells organic food.	이 슈퍼마켓에선 오직 유기농 음식만 팔아.
3499	Don't believe everything people tell you.	사람들이 말하는 전부를 믿지는 마.
1630	I can't ask Tom right now.	난 지금 당장은 톰한테 물어볼 수 없어.
1909	I'm sorry that you had to hear that.	그걸 들어야 했다니 유감이야.
2487	I wanted Tom to sing my favorite song.	난 톰이 내가 좋아하는 노래를 불러줬으면 했어.
1095	I like studying languages.	언어를 공부하는 게 좋아요.
1283	Come to my house whenever you like.	언제든지 우리 집에 와.
2267	I wish I'd married another man.	다른 남자와 결혼했다면 좋았을 텐데.
2361	You and I have a lot in common.	우리 둘은 공통점이 많네.
2600	I know Tom is a very good chess player.	나는 톰이 체스를 아주 잘 둔다는 것을 알고 있어.
3000	I managed to crack the code.	난 코드를 간신히 해킹했어.
0	That's just my guess.	그건 단지 내 추측이야.
1021	Where in the world have you been?	세상에 너 어디에 있었니?
2577	Nobody backed up what I said.	아무도 내 말을 지지해주지 않았다.
1666	I feel very guilty.	나는 큰 죄책감을 느끼고 있어.
540	Working in such conditions was especially difficult.	저런 상태에서 일하는 것은 특히 어려운 일이었다.
160	The students of this school are kind.	이 학교의 학생들은 친절하다.
356	Tom is a very bad person.	톰은 아주 나쁜 사람이야.
2985	I can't decode the message.	메시지를 해독할 수 없어.
91	I hope that I can do it.	내가 할 수 있길 바라.
814	Are you really willing to help?	진짜로 도와줄 마음이 있어?
1684	Tom kicked the ball really hard.	톰은 정말 세게 공을 찼습니다.
1326	The police believe that Tom acted alone.	경찰은 톰이 혼자인 척 했던 것이라고 믿고 있어.
1153	Do you still live where you used to?	너 아직도 전에 살았던 곳에 살아?
1406	Tom started getting mad.	톰은 화가 나기 시작했다.
3621	Have you eaten dinner yet?	아직 저녁을 안 드셨나요?
3357	That's my main focus.	그게 내 주된 관심사야.
286	You may use my computer if you want to.	내 컴퓨터 쓰고 싶으면 써도 돼.
1069	I used to do that every day.	난 그걸 매일 했었어.
2059	When was the last time you saw that cat?	저 고양이를 마지막으로 봤을 때가 언제야?
2738	Your advice has been very helpful.	네 조언은 정말 도움이 되었어.
909	Language changes as human beings do.	인간이 바뀌듯 언어도 변화해.
1121	I don't like Tom anymore.	나는 톰을 더 이상 안 좋아해.
2320	I ordered five books on economics from London.	나는 경제학 책을 다섯권 런던에 주문했다.
2569	I have nothing to lose.	손해 볼 게 없다.
1519	I wanted to spend time with my children.	난 내 아이들과 시간을 보내고 싶었어.
1374	I'm looking forward to traveling with Tom.	나는 톰과 같이 여행하기를 기대하고 있다.
2146	Tom works for a tech company.	톰은 기술 회사에 일하고 있어.
3829	The dog stopped barking.	개가 짖는 걸 멈췄어.
1706	He is in his library.	그는 그의 서재에 있다.
3558	I like to travel alone.	나는 혼자 여행하는 것을 좋아해.
682	Tom and Mary said they were on our side.	톰과 메리는 우리의 편이라고 말했어.
3630	You need good equipment to climb that mountain.	저 산에 오르려면 좋은 장비가 있어야 돼.
289	Have you ever been stuck in an elevator?	엘레베이터에 갇혀본 적 있어?
77	Only four horses competed in the race.	오직 네 마리 말만 경주에 참가했어.
1288	This building has a green roof.	이 건물의 지붕은 초록색이야.
3166	This is a complete distortion of the facts.	이건 사실에 대한 완전한 왜곡이야.
2870	Thousands of people died during the plague.	전염병 유행중에 수천명의 사람들이 죽었어.
2432	Tom is smoking a cigar.	톰은 담배를 피우고 있어.
2462	This word isn't French.	이 단어는 프랑스어가 아니야.
585	Tom is eating potato chips.	톰은 감자칩을 먹고 있어.
3217	Tom wondered what Mary wanted to do.	톰이 메리가 뭘 원하는지 굼금해하더라.
3627	The gravity of the moon is one-sixth of that of the earth.	달의 중력은 지구의 1/6배야.
365	I'm the only one who can do that.	내가 그걸 할 수 있는 유일한 사람이군.
1494	You can't force yourself to forget something.	기억을 억지로 잊게 할 수는 없어.
38	I watched Tom eat.	톰이 먹는 걸 지켜봤어.
1081	I take back what I said.	아까 한 말 취소야.
3168	How many children were injured?	아이들은 몇 명 다쳤어?
391	All participants will receive a T-shirt.	모든 참가자는 티셔츠를 받을 것입니다.
3286	I don't want to celebrate my birthday.	난 내 생일을 축하하고 싶지 않다.
3729	Do you still suffer from headaches?	아직도 두통에 시달리고 있어?
3732	I felt sad for no reason.	나는 이유 없이 슬펐어.
832	I'm sorry, but there's no other way.	미안하지만, 이거 말곤 다른 방법이 없어.
2981	Men like to look masculine.	남자들은 남성적으로 보이고 싶어한다.
2834	This bread looks delicious.	이 빵 맛있어 보이네.
2188	Tom isn't a good manager.	톰은 좋은 매니저가 아니야.
3408	You're quite forgetful.	너 건망증이 좀 있구나.
1496	I want to meet Tom's parents.	나는 톰의 부모를 만나고 싶어.
1487	What are their true intentions?	그 사람들의 실제 무슨 속셈인 거야?
1073	Someone stole my watch.	누군가 내 시계를 훔쳤어.
2434	I really appreciate all your help.	도와 주셔서 아주 고맙습니다.
2558	Is there something that you want to say?	뭐 할 말이라도 있냐고.
1228	A blood vessel burst inside his brain.	그 사람의 뇌 안에 혈관이 터졌어.
2705	Tom certainly thinks so.	톰은 틀림없이 그렇게 생각해.
1331	To be honest with you, I don't think I can do that.	솔칙히 말하면 나는 내가 할 수 있을거란 자신이 없어.
1599	This magnet is very powerful.	이 자석은 너무 강해.
546	I am very concerned about his health.	난 그 사람의 건강이 너무 걱정돼.
2257	Tom spends most of his time sitting on the porch.	톰은 대부분의 시간을 현관에 앉는 걸로 보내고 있어.
3608	I had difficulty in solving this problem.	이 문제를 해결하는 데 곤욕을 겪고 있다
1744	Try to see the problem from her point of view.	그 사람의 관점으로 문제를 보려고 노력하자.
883	I recognize those people.	나 저 사람들 알아.
3003	Tom wants to learn how to play piano.	톰은 피아노 치는 법을 배우고 싶어해.
717	What language do they speak in your country?	네 나라에서는 무슨 언어로 말해?
1463	We'll be right here.	우린 바로 여기 있을 거야.
3788	Tom swims well for his age.	톰은 나이에 비해 수영을 잘해.
1080	Tom sat two rows ahead of me.	탐은 나보다 2줄 앞에 앉았다.
2836	If I were you, I'd call a doctor.	내가 만약 너라면 의사를 부를 텐데.
1883	Tom was afraid to be here.	톰이 여기에 있길 무서워 했어.
3727	Tom has some experience in teaching French.	톰은 프랑스어를 가르친 경험이 있어.
2488	That's all I'm doing.	그게 내가 하고 있는 전부야.
1662	I don't care what you thought.	네가 생각한 바에 난 개의치 않는다.
922	Your hand is shaking.	네 손이 떨리고 있어.
1715	Tom wondered why there was a dog in his house.	톰은 왜 자기 집에 개가 있었는지 알고 싶었다.
3105	Tom usually drinks beer at parties.	톰은 보통 파티에서 맥주를 마셔.
2699	We were in Australia last week.	우린 지난주에 호주에 있었어.
2707	Things are the same, but people have changed.	상황은 같지만 사람들은 바뀌었다.
249	God is always watching over us.	신은 항상 우리를 지켜보고 있어.
1454	I don't play the piano as often as I used to.	나는 피아노를 예전만큼 자주는 안 쳐.
1838	Somebody was talking to Tom.	누군가 톰한테 말을 걸고 있었어.
1162	What convinced you to change your mind?	뭐 때문에 네 마음이 바뀌었어?
1195	What's your Skype username?	네 스카이프 사용자 이름은 뭐야?
3713	I didn't know you used to teach French.	나는 네가 프랑스어를 가르쳤는지 몰랐어
2191	I know Tom is a lazy kid.	난 톰이 게으른 애라는 걸 알고 있어.
262	Tell me what's going on.	무슨 일인지 얘기해 주세요.
284	It's really hard to stop.	그만 두는 건 너무 어려워.
6	I asked Tom why he wanted to study French.	나는 톰에게 왜 프랑스어를 배우고자했는지 물어봤다.
1071	I'll never tell you.	나는 결코 너에게 말하지 않을 것이다.
405	You, too, can learn French.	너도 마찬가지로 프랑스어를 배울 수 있어.
89	Tom may use my video camera if he wants to.	톰이 원한다면, 내 비디오 카메라를 쓸 수 있다.
2075	Is there anything you want to tell me?	뭔가 하고 싶은 얘기 없어?
2682	Nothing seems to grow in this soil.	이 흙에서는 아무것도 자라지 않는 것으로 보인다.
1799	He can speak and write French.	그는 불어로 말하고 쓸 수 있다.
3258	I dreamed I kissed Tom.	난 톰이랑 키스하는 꿈을 꿨어.
2475	Tom wouldn't let them in.	톰은 그들을 못 들어 가게 했다.
1043	Tom kicked the ball really hard.	톰은 정말 세게 공을 찼다.
2519	Are you enjoying your weekend?	주말 즐겁게 잘 보내고 있어?
2494	Having been convicted of murder, he was sentenced to life imprisonment.	그는 살인죄로 종신형을 선고 받았다.
853	You are not a good person. You know that, right?	넌 그다지 좋은 사람이 아냐. 너도 그건 알고 있지?
1185	We shouldn't've given up.	우린 포기하지 말았어야 했어.
516	I had to wait 20 minutes on the phone before reaching the customer service rep.	통화해서 고객 서비스 상담원에게 말하기 전까지 연결 대기 큐에서 20분이나 기다렸어야 했어.
2762	Tom is married to a Canadian named Mary.	톰은 메리라는 캐나다 사람이랑 결혼했어.
3686	I think that Tom is distinguished.	나는 톰이 뛰어나다고 생각한다.
3325	Tom roasted the marshmallow over the fire.	톰은 마시멜로를 불에 구웠다.
2975	I sent Tom a text.	난 톰한테 문자 보냈어.
3741	Tom wakes up at six-thirty every morning.	톰은 아침마다 여섯 시 삼십 분에 일어나.
3260	To tell the truth, he is not a human being.	진실을 말하자면, 그는 인간이 아냐.
2237	I don't like cafeteria food very much.	난 식당 음식을 그다지 좋아하지 않아.
1951	Tom is swimming in the neighbor's pool.	톰은 이웃의 수영장에서 수영하고 있다.
2067	Tom hasn't finished his homework yet.	톰은 아직 숙제를 안 했다.
2898	Did Tom tell you what to do?	톰이 네게 뭘 해야 할지를 말해줬니?
1364	I thought that Tom didn't like cats.	난 톰이 고양이를 싫어하는 줄 알았어.
525	We're still eating.	우린 아직도 먹는 중이야.
3226	How long will you be staying there?	거기서 얼마나 기다리고 있을 거야?
2526	I really love French books.	난 프랑스 책들을 정말 좋아해.
3530	Are these yours, Tom?	탐, 이것들이 너의 것이야?
3469	He came down to breakfast.	그는 아침식사를 하러 내려왔다.
1439	Have you ever seen Tom not wearing glasses?	톰이 안경 벗은 거 본 적 있어?
2351	If it is worth doing at all, it is worth doing well.	할 가치가 있는 일이면, 제대로 하십시오.
1605	How long can a person live without water?	사람은 물 없이 얼마나 살 수 있어?
3303	If it were not for water, human life would be impossible.	물이 없었다면 인류의 생존은 가능하지 않았을 겁니다.
2867	What in the world do you think you're doing?	세상에 네가 뭘 하고 있다고 생각하는 거니?
3728	No one recognized me.	누구도 날 못 알아봤어.
