	eng	ara
10433	You need to study more.	انت بحاجة أن تدرس أكثر
8305	This is the only camera I've got.	هذه هي الكاميرا الوحيدة لدي.
7581	Answer the telephone, will you?	هل لك أن ترد على الهاتف؟
1711	We felt the house shake a little.	شعرنا بالبيت يهتز قليلاً.
9144	I don't like him because he is sly as a fox.	لا أحبه لأنه ماكر كالثعلب.
4874	We panicked a little bit.	شعرنا بالقليل من الذعر.
7024	I didn't want to spend any more time trying to convince Tom to study French.	لم أرغب ببذل مزيد من الوقت لإقناع توم بدراسة الفرنسية.
3776	What you did was wrong.	ما فعلته أنتَ كان خاطئاً.
4080	My college tuition is too expensive.	الدراسة بكليتي مكلفة جدًا.
8974	Stop teasing your sister!	توقف عن غيظ أختك!
241	I hope your brother is better.	آمل أن أخاك قد تحسن.
9698	Tom hasn't been indicted.	لم يتم اتهام توم.
1688	I'll be going to Europe next week.	سأذهب إلى أوروبا الاسبوع المقبل.
3814	Maybe he will be a good teacher.	لربما أصبح معلماً ماهراً.
10082	Tom hid the book under his pillow.	أخفى توم الكتاب تحت الوسادة.
11224	I've made up my mind to work for a company in the States.	قررت أن أعمل لحساب شركة في أمريكا.
7749	This is an extremely important point.	هذه ملحوظة مهمة للغاية.
6287	How often do you forget to do your homework?	أتنسى عادة القيام بواجبات؟
2440	A beautiful object like that never loses its value.	شيء جميل كهذا أبدا لن يفقد قيمته.
1736	Is this the book you're looking for?	أهذا هو الكتاب الذي تبحث عنه؟
10682	Tom said he was really glad he did that.	توم قال أنه كان سعيدا لقيامه بذلك.
2574	May I run with you?	أيمكنني أن أركض معك؟
4150	Why is he angry about something like that?	لماذا هو غاضب بسبب شيء مثل ذلك؟
491	I think Tom likes me.	أظن بأن توم معجب بي.
11832	A lot of people are coming out of the movie theater.	الكثير من الناس يخرجون من دار السينما.
6885	Tom threw Mary out of the bar.	رمى توم ماري خارج البار.
908	Today is Independence Day.	اليوم هو عيد الإستقلال.
3215	Where did you buy that hat?	من أين اشتريت تلك القبّعة؟
5454	This book was easy.	كان ذاك الكتاب سهلاً.
10241	Do you have a lot to do today?	هل لديك الكثير لتفعله اليوم؟
2088	No one came except Mary.	لم يأت أحد سوى ماري.
1580	A lot of tourists invaded the island.	غزى الكثير من السياح الجزيرة.
8385	I was thinking of getting a dog.	كنت أفكر في الحصول على كلب.
427	She wants to buy a present for her boyfriend.	إنها تريد شراء هدية لصديقها.
5293	What time do you get up every day?	متى تستيقظ كل يوم؟
8243	I have a question I need to ask you.	لدي سؤال أريد سؤالك عنه.
885	They are watching what's happening closely.	إنهم يراقبون ما يحدث عن كثب.
5076	I'm trying to sleep.	أنا أحاول أن أنام.
4987	This book sold well in Japan.	هذا الكتاب بيع جيدا في اليابان
7585	I thought you might feel sorry for Tom.	ظننت أنك قد تشعر بالأسف على توم.
5714	Can I speak to Tom?	هل بإمكاني التحدث إلى توم؟
3101	Add a little milk.	أضف القليل من الحليب.
5543	You should've told Tom the truth.	كان يجب عليك أن تقول الحقيقة لتوم.
11871	I appreciate all you did.	أقدر كل ما فعلته.
4691	We have to do this by ourselves.	علينا ان نفعل هذا بأنفسنا
8668	I'm looking forward to your Halloween party.	أنا أتتطلع لحفلة الهالووين خاصتك.
5896	Did anyone call me while I was out?	هل اتصل بي أحد عندما كنت في الخارج؟
10976	I'm just having some fun.	أنا أتسلى قليلا فقط.
8046	The fact that Britain had no national anthem before 1745 is in itself of little consequence.	ان حقيقة بريطانيا كانت لا تملك نشيداً وطنياً قبل ١٧٤٥ هي بحد ذاتها شأن يذكر.
5902	I went to bed later than usual.	ذهبت للنوم متأخراً أكثر من العادة.
7200	Please insert your card.	من فضلك أدخل بطاقتك.
6933	Anyone can do that.	أي شخص يمكنه فعل ذلك.
9113	I'd like for Tom to tell you why he did what he did.	أريد من توم أن يخبركَ لماذا فعلَ ذلك.
9432	Destiny is sometimes cruel.	القدر في بعض الأحيان يكون قاسياً.
2618	When did Tom buy these eggs?	متى اشترى توم هذه البيضات؟
3417	Does this remind you of anybody?	هل يذكّر هذا بشخص ما؟
7338	Don't count your chickens before they hatch.	لا تَعَوِل على شيء جيد قبل حدوثه
5724	What is your date of birth?	ما هو تاريخ ميلادك؟
9772	Seeing the policeman, the man ran away.	هرب الرجل بعد أن رأى الشرطي.
9844	Please give me a cup of tea.	رجاء، أعطني كوبا من الشاي.
10487	I've spoken to your teachers.	لقد تحدّثت مع مدرّسيك.
7165	You have a way with women.	إنك تعرف كيف تتعامل مع النساء.
8416	We left the final decision to him.	تركنا القرار الأخير إليه.
3305	Tom doesn't want me to talk about what we discussed yesterday.	توم لا يريد مني التحدث عن ما ناقشناه بالأمس.
11850	She is well known both in Japan and in America.	إنها مشهورة في اليابان وأمريكا أيضًا.
3674	You should keep your room clean.	يجب ان تحافظ علي نظافه غرفتك
8320	I don't know how to drive a car.	لا أعرف كيف أقود سيارة.
8225	She owns a gigantic house.	هي تملك منزلا ضخما.
1566	Leave your desk as it is.	اترك مكتبك كما هو.
719	I just got my textbooks for this semester.	الآن حصلت على كتب هذا الفصل.
3468	What do you think I've been doing?	ماذا تعتقد أني كنت أفعل؟
11344	Tom never did regain his memory after the accident.	توم لم يستعيد ذاكرتهُ أبداً بعد الحادث.
6151	Don't trust anybody but yourself.	لا تثق بأحد عدى نفسك.
1178	There's nothing to be proud of.	لا يوجد أي شيء مدعاة للفخر.
3482	I want to learn that song.	أريد أن أتعلم تلك الأغنية.
6367	He seems to have been rich.	يبدو أنه كان غنياً.
8811	Are you ready for that?	هل أنت جاهز لهذا؟
2965	I arrived in Tokyo yesterday.	وصلت إلى طوكيو البارحة.
6194	The conference ended two hours ago.	أُختتم المؤتمر قبل ساعتين.
8469	I haven't finished my homework yet.	لم أُنهِ واجباتي بعد.
9669	Tom's next crime will be his last.	جريمة توم التالية ستكون الأخيرة.
4727	We can't stay for dinner.	نحن لا نستطيع الإنتظار للعشاء.
11400	Tom is getting married on Monday.	سيتزوج توم يوم الاثنين.
2157	Is this water drinkable?	ها هذا الماء صالح للشرب؟
6699	They had a dent in the rear door.	لديهم بعجة في الباب الخلفي .
8734	Tom said that he needs to call the police.	قال توم أنه يحتاج إلى أن يتصل بالشرطة.
8599	I have a new red car.	لدي سيارة حمراء جديدة.
8081	We can't leave Tom like this.	لا يمكننا ترك توم هكذا
9597	That was the best day of my life.	كان ذلك أجمل يوم في حياتي.
7394	There's a possibility of war.	هناك إحتمال أن تندلع الحرب.
9196	I want to forget about it.	أريد أن أنسى الأمر.
6702	She bought two pounds of butter.	اشترت رطلين من الزبدة.
2685	I'm sure Tom would never do that.	متأكد أن توم لن يفعل ذلك.
9828	I hope that you won't make the same mistake as Tom.	آمل ألا ترتكب نفس خطأ توم.
11721	"""Have you seen my cell phone?"" ""It's on the table."""	"""هل رأيت هاتفي الخليوي ؟"" "" إنه فوق الطاولة ."""
8138	Show me another watch.	أرني ساعة يد أخرى.
12093	You didn't know I shouldn't do that, did you?	لَمْ تَعلَمْ أنني لَمْ يَجِبْ أَن أَفعَلَ ذلك، ألَيسَ كَذلك؟
3149	I was trying to be polite.	كنت أحاول أن أكون مهذّبا.
8307	We haven't received any help from anyone.	لم نلق مساعدة من أحد.
1705	Tom complained that he couldn't find a job.	اشتكي توم من أنه لم يستطع إيجاد وظيفة
8070	Do you have a friend named Tom?	هل لديك صديق يسمى توم ؟
10759	I doubt I'll finish this today.	أشك أنني سأنهي هذا اليوم.
696	I'm sorry I wasn't able to attend Tom's funeral.	أنا أسف لعدم قدرتي لحضور عزاء توم.
780	My house is close to a bus stop.	يقع بيتي بالقرب من نقطة انتظار الحافلة.
9592	The best way to learn a foreign language is to go live in a country where it's spoken.	الطريقة الأفضل لتعلّم لغة أجنبية هي العيش في دولة تُسْتَعمَل بها هذه اللغة.
9286	You are the only one who can save the world.	أنت الواحد والوحيد الذي يستطيع إنقاذ العالم.
7604	What do you think is the best way to encourage Tom to study more?	ماذا تعتقد أفضل طريقة لتشجيع توم علىَ دراسة المزيد؟
11967	What do you like about her?	ما الذي يعجبك بشأنها؟
311	That noise was deafening.	كان ذلك الضّجيج يصمّ الآذان.
9215	The French flag is blue, white and red.	العلم الفرنسي ازرق و ابيض و احمر.
10584	You're wanted on the phone.	أحدهم على الهاتف يريدك.
2275	The cat slowly approached the mouse.	إقتربت القطة ببطأ من الفأر.
10855	You're not going to like what I'm going to say.	لن يعجبك ما سأقول.
9908	I learned a lot about Greek culture.	تعلمت الكثير عن الحضارة الإغريقية.
2270	This medicine will relieve your headache.	هذا الدواء سيخفف من صداعك.
5813	You must return the book to him.	يجب عليك أن تعيد الكتاب إليه.
6802	My father contracted pneumonia last month.	أصيب أبي بذات الرئة الشهر الماضي.
10362	You must not speak loudly.	يجب ألا تتحدث بصوت عالٍ.
7928	I'm ready to leave now.	أنا مستعد للمغادرة الآن.
7344	He can't run very fast.	لا يمكنه الركض بسرعة.
12014	Tom almost forgot the conference.	توم تقريباً نسيَ المؤتمر.
11535	I want to visit Korea.	أريد أن أزور كوريا.
6003	You should go see a doctor.	عليك أن تذهب إلى الطّبيب.
1305	Turn off the television. I can't concentrate.	أطفأ التلفاز. لا يمكنني التركيز.
8763	I certainly didn't expect to see you here in Boston.	بالتأكيد لم أتوقع أن أراك هنا في بوسطن.
1172	Tom lives in an old building.	يعيش توم في مبنى قديم
2700	I don't want to have anything to do with you.	لا أريد أن تكون أية صلة بين و بينك.
8761	How did you know that?	أنتَ كيف عرفتَ ذلك؟
1456	They're going to have a lot more questions than we do.	سوف يكون عندهم أسئلة أكثر كثيرا عننا.
4688	Go to church with your parents and pray for her.	اذهب إلى الكنيسة مع والديك وصلّ لها.
9770	Rear end collisions often cause whiplash.	غالباً ما تسبب الاصطدامات الخلفية اصابة في الرقبة .
5125	We don't have to do this every day.	ليس واجب علينا فعل ذلك يوميا.
8930	I do not think that he will come.	لا أعتقد أنه سيأتي.
4038	I understand, but I cannot agree.	فهمت، لكني لا أوافق.
10793	That feast was one of the best I ever had.	كانت الوليمة من أطيب ما ذقت.
9577	She may have left her umbrella on the bus.	ربّما نسيت المظلّة في الحافلة.
7942	He disclosed his intentions.	لقد كشف عن نواياه.
7269	When did Tom buy that shirt?	متى اشترى توم هذا القميص؟
9324	Guacamole is a dip made from avocados.	صلصة غواكامولي هي صلصة مصنوعة من الأفوكادو.
6556	Stress can have an enormous negative impact on your health.	يمكن للإجهاد أن يؤثر تأثيرا سلبيا كبيرا على صحتك.
6986	She promised not to be late again.	هي وعدت بأن لاتتأخر مرة اخرى.
9235	Don't you get bored when you're alone?	ألا تحس بالملل عندما تكون وحيداً؟
4324	You need to come home.	تحتاج إلى أن تعود إلى المنزل.
11487	What makes you so sure Tom was the one who stole your bicycle?	ما الذي يجعلك متيقّنًا بأنّ توم هو الذي سرق درّاجتك؟
10915	I returned the book to the library.	أعدت الكتاب إلى المكتبة.
1814	Is there any doubt?	هل هنالك أي شك؟
9164	I don't like it, either.	أنا أيضاً لا يعجبني ذلك.
628	I want to read as many English books as possible this year.	أريد أن أقرأ أكبر عدد ممكن من الكتب الإنجليزية هذه السنة.
9129	How did you make this soup?	كيف حضّرت هذا الحساء؟
2373	No fewer than 50 passengers were killed.	قُتل ما لا يقل عن 50 راكبًا.
9018	Mom, I'm home.	أمّاه، أنا في المنزل.
6116	Thank you very much, doctor.	شكراً جزيلاً لك أيها الطبيب.
1323	There is indisputable proof that Tom is the thief.	هناك دليل لا يقبل الجدل أن توم هو اللص.
11449	If Tom finds out I told you this, he'll kill me.	سيقتلني توم إن عرف أنّي قلتُ لكَ هذا.
2931	Are you planning to help them?	هل تنوي أن تساعدهم؟
2383	Could you tackle this?	هل يمكنك معالجة هذا الامر؟
2158	My children really like animals.	أولادي يحبون الحيوانات كثيراً.
1932	Do you see Tom often?	هل ترى توم كثيرا؟
533	There are no problems.	ليس هناك أي مشاكل.
2641	I work for an oil company.	أعمل لدى شركة نفط.
5798	Where's the closest train station?	أين أقرب محطة قطار؟
10126	Law and politics are two different things.	القانون والسياسة هما شيئان مختلفان.
166	What do you want now?	ما الذي تريده الآن؟
9447	I haven't found a doctor yet.	لم أعثر على طبيب حتى الآن.
30	I read at least one book every month.	أقرأ على الأقل كتاباً واحداً في الشهر.
5892	You should eat more fruit.	يجب أن تأكل المزيد من الفاكهة.
5894	I can't live without a TV.	لا يمكنني العيش من دون تلفاز.
9899	My wife is afraid to drive my new car.	زوجتي خائفة من قيادة سيارة جديدة.
3000	A little knowledge can be a dangerous thing.	القليل من المعرفة يمكن أن يكون شيء خطير.
7363	I'm looking forward to spending time with my family.	أنا أتتطلع لقضاء وقت مع أُسرتي.
12017	Nobody listened to me.	لا أحد يستمع إليّ.
9236	This idea is not rational.	هذه الفكرة ليست منطقية.
3896	Can it be phrased in another way?	ألا يمكن صياغتها بطَريقة أخرى؟
7300	Thank you for the information.	شكراً لكِ على المعلومة.
1842	Who's the boss of this company?	من يرأس هذه الشركة؟
8577	You like English, don't you?	إنك تحب الإنجليزية، أليس كذلك؟
2730	I was going to write to you, but I forgot.	كنت سأراسلك ولكني نسيت.
8546	The park is filled with children.	الحديقة العامة مليئة بالأطفال.
2992	Who owns this land?	من يملك قطعة الأرض هذه؟
11497	I prefer swimming to skiing.	أنا أفضل السباحة على التزلج.
5578	Let's play baseball when the rain stops.	لنلعب كرة القاعدة حين يتوقف المطر.
6520	We've received a lot of applications in answer to our advertisements.	استقبلنا الكثير من التطبيقات كردّ على الإعلانات.
7307	You are guilty of murder.	إنك مذنب بتهمة القتل.
6266	If Tom finds out I told you this, he'll kill me.	سيقتلني توم إن عرف أنّي قلتُ لكِ هذا.
7164	Please write with a pen.	من فضلك اِكتب بقلم حبر.
5386	I'd like to reserve a table for two.	أريد أن أحجز طاولة لشخصيْن.
9640	Could you give me a hand in the kitchen, please?	هل بإمكانك مساعدتي في المطبخ؟
1495	He will not be ready.	هو لن يكونَ مُسْتَعدّاً.
2863	All Tom really needed was a hug.	كل ما كان يحتاجه توم حقاً هو عناق.
10373	We use a lot of water every day.	إننا نستهلك الكثير من الماء يومياً.
2698	When shall we go?	متى علينا أن نذهب؟
8987	Those scientists are the cream of the crop.	هؤلاء العلماء هم صفوة الصفوة.
8340	I'm not sure what Tom was talking about.	لست متأكدا حيال ما كان يتحدث توم عنه.
2807	I have an allergy to milk.	لديّ حساسيّة من الحليب.
4785	Is this your first visit to this town?	هل هذه أول زيارة لك للمدينة؟
11006	What can you tell me about it?	ماذا يمكنك ان تقول لي عن ذلك؟
6895	You know the rest of the story.	أنتَ تعرف بقية القصة.
1624	Have you ever traveled alone?	هل سافرت لوحدك مرة؟
1376	Without music, the world would be a boring place.	بدون الموسيقى, العالم سيكون كمان مُمِل.
7080	They require extra help.	هم يحتاجون المزيد من المساعدة.
4537	You made the same mistake as last time.	أخطأت نفس خطإكَ المرة السابقة.
200	Could you please speak a little bit more slowly?	أيمكنك أن تتحدث ببطئ من فضلك؟
7799	I love watching basketball.	أحب مشاهدة مبارايات كرة السلة.
9021	Nobody answered the telephone.	لم يرد أحد على الهاتف.
1243	I'm sorry, but it's no longer available.	أنا آسف، ولكن هذا لم يعد متاحاً.
729	She goes to school on foot.	هي تذهبُ إلى المدرسة مشياً على الأقدام.
8300	Please complete the attached application form.	يرجى ملء نموذج طلب الوظيفة المرفق.
9222	I had my car stolen last night.	سُرقت سيارتي ليلة البارحة.
6405	That's why we fired Tom.	لذلك قد فصلنا توم.
5244	I used to live in Boston.	انا اعتدت العيش في بوستن
3321	I can't play piano.	لا أستطيع عزفَ البيانو.
613	Turn off the light, please.	أطفئ النور إذا سمحت.
1321	I think I'm in love.	أظن أنني وقعت في الحب
1655	What's important is not the goal, but the journey.	ما هو مهم ليس الهدف, ولكن الرحلة.
7784	I don't know what happens here.	أنا لا أعرف ما يجري هنا.
5492	How did you know that?	أنتِ كيف عرفتِ ذلك؟
290	I went for a walk in the park.	ذهبت لأتمشى في المتنزه.
3976	I'm sure that she will come back soon.	أنا متأكد من أنها ستعود قريباً.
1181	It looks like it'll be clearing up.	يظهر أن الجو سيصير صحوًا.
11020	Leaky faucets waste a lot of water.	الصنبور المسرب يهدر الكثير من الماء
9251	I cannot thank you enough for your assistance.	لا أعرف كيف أشكرك على مساعدتك هذه.
7877	"""Tatoeba"" means ""for example"" in Japanese."	"""Tatoeba"" معناها ""على سبيل المثال"" باللغة اليابانية."
9713	Cancer can be cured easily if it is found in its first phase.	يمكن معالجة السرطان إذا اِكْتُشِفَ في مرحلة مبكّرة.
1610	The murder remains a mystery.	ظلت جريمة القتل لغزاً.
5653	Tom spent the entire afternoon with Mary.	توم أمضى فترة بعد الظهر بأكملها مع ماري.
10120	This afternoon we will have an interview.	بعد ظُهر هذا اليوم سيكون لدينا مقابلة.
9534	May I stay here tonight?	هل يمكنني البقاء هنا الليلة؟
1926	My mother can't come.	أمي لا يمكنها المجيء.
11677	Be careful when you cross a road.	التمس الحذر وأنت تعبر الطريق.
5086	I can't bear the noise any longer.	لا يمكنني احتمال الضجيج أكثر من ذلك.
8414	I can't forget the day when I met him.	لا يمكنني أن أنسى اليوم الذي قابلته فيه.
11352	My boss is twice as old as I am.	رئيسي في العمل يكبرني عمراً بمرتين.
8364	We played soccer yesterday.	لعبنا كرة القدم بالأمس.
8903	The rumor isn't true.	تلك الإشاعة ليست صحيحة.
11701	My name doesn't appear on the list.	اسمي لم يظهر في القائمة.
2242	God helps those who help themselves.	ساعد نفسك و سيساعدك الله.
10291	We are responsible for your protection from now on.	حمايتك هي مسؤوليتنا من الآن فصاعداً.
1037	Your necktie matches your suit.	ربطة عنقك تليق ببزتك.
5965	You'd better not eat too much.	من الأفضل لك ألّا تأكل كثيراً.
4158	School begins at 8:30 a.m.	يبدأ الدوام الدراسي في الثامنة و النصف.
8671	I can't force you to talk.	لا أستطيع إجبارك على الكلام.
10563	Please leave a message on my answering machine.	رجاء اترك رسالة على المجيب الآلي.
10893	I just wanted you to help me.	أريد فقط أن تساعدني.
1324	You must endure the pain.	عليك أن تتحمل الألم.
1229	My mother took my temperature.	قامت أمي بقياس حرارة جسدي.
10835	Better late than never.	أن تأتي متأخرًا خيرٌ من ألا تأتي.
4311	I don't remember asking for your opinion.	لا أتذكر بأنني طلبت منك أن تبدي رأيك
11138	Can you order one for me?	هل يمكنك طلب واحد لي؟
1550	I got my foot caught in a train door.	علقت رجلي بباب القطار.
11833	You ought to be ashamed.	يجب أن تكون خجِلًا.
3046	His wife goes with him wherever he goes.	تذهب زوجته معه أينما ذهب.
8219	Did you enjoy the movies?	هل استمتعت بمشاهدة الفلم؟
12145	I paid 1,500 yen for this dictionary.	لقد دفعت 1,500 ين لهذا القاموس.
5365	I don't understand this question at all.	لست أستعوب هذا السؤال أبدا.
2950	I think you're right.	أعتقد أن ما تقوله صحيح.
9572	Tom doesn't look convinced.	لا يبدو على توم أنه مقتنعٌ.
7139	Everything I did, I did for Tom.	كلّ ما فعلتُ كان لِتوم.
10541	She is learning how to drive a car.	إنها تتعلم قيادة السيارة.
6368	Does this come in any other color?	أيتوافر هذا بلون مختلف؟
5336	You can take the bus to the station.	بإمكانك الوصول إلى المحطة عن طريق الحافلة.
641	I'm trying my best to forget that ever happened.	أنا أقوم بكل ما بوسعي لأنسى أنّ ذلك قد حدث.
2748	We don't have enough money to buy everything we need.	لا نملك من المال ما يكفي لشراء كل ما نحتاج.
126	I took him to the hospital.	أنا أخذتهُ إلي المستشفي.
2639	You'd better hurry up.	من الأفضل لك أن تسرع.
8819	This flower is more beautiful than that one.	هذه الوردة أجمل من تلك.
3405	You have nothing to fear.	ليس لديك ما تخشاه.
4220	Everything's going to be great as soon as Tom gets here.	كل شيء سيكون على ما يرام حالما يصل توم.
5301	I'm sorry that I can't meet you tonight.	آسف لكني لا أستطيع أن أقابلك الليلة.
3493	Maybe she will not come.	من الممكن أن لا تأتي.
2014	He speaks English with a German accent.	إنه يتكلم الإنجليزية بلكنة ألمانية.
10955	The strike affected the nation's economy.	أثًّر الإضراب على اقتصاد البلاد.
9083	Please repair the car.	من فضلك أصلح السيارة.
7104	Tom is hardworking and dependable.	توم مجتهد ويمكن الإعتماد عليه.
1773	She saved a hundred dollars.	لقد ادخرت مائه دولار.
6201	What would you say if you were in my place?	ماذا كنتَ ستقول لو كنت في مكاني؟
5791	I haven't paid for the tickets yet.	لم أدفع ثمن التذاكر بعد.
8139	Could you show me that?	أيمكنك أن تُرِيَني ذلك؟
1202	Were you sober at that time?	هل كنت صاحٍ في ذلك الوقت؟
6763	The railroad workers are going on strike tomorrow.	عمال السكك الحديدية سيضربون عن العمل غداً.
10248	She always forgets my telephone number.	هي دائما ما تنسى رقم هاتفي.
6730	I remember seeing her once on the street.	أذكر أني لمحتها مرة على الطريق.
4855	They were not invited.	إنهم لم يكونوا مدعويين.
1236	I never could say no to you.	انني لن اقول لك لا مطلقا
1703	We're sorry but this video is no longer available.	نأسف, ولكن هذا الفيديو ليس متاحاً.
745	You shouldn't have come here.	لم يكن عليك المجيء هنا.
9025	What kind of sandwich do you want?	أي نوع من الشطائر تريد؟
9380	I dipped my finger into the honey.	غمست اصبعي في العسل.
11156	There are sixty seconds in a minute.	هناك ستون ثانية في الدقيقة.
6899	This isn't a time for celebration.	هذا ليس وقت الإحتفال.
7968	I have the ace of hearts.	انا املك الآس قلوب.
10335	What's wrong with what we did?	ما المشكلة فيما قمنا به؟
2311	There's no reason that Tom would say something like that.	لا سبب يدفع توم لقول شيء كهذا.
11134	I'm likely to forget to do that.	أرجّح أنّي سأنسى ذلك.
11745	That was years ago.	كان ذلك منذ عدة سنين.
9443	Thanks to the bad weather, the game was canceled.	أُلغيت المباراة بسبب تغير الجو.
2693	Tom didn't know how to express his thanks in French.	توم لم يكن يعلم كيفية الشكر بالفرنسية.
7061	I think I mistakenly sent that email to Tom.	أنا أعتقد أني بطريق الخطأ أرسلت البريد الإلكتروني إلى توم.
9536	What a terrible mistake!	يا له من خطأ فادح!
6086	I love trying new things.	أُحب تجربة أشياء جديدة.
11305	Tom swims very fast.	سباحة توم سريعة جداً.
3328	Now that I'm retired, I can travel as much as I want to.	الآن وبعد أن تقاعدت، أستطيع السفر كلما شئت.
6930	What season do you like the best?	أي فصل من فصول السنة تحب أكثر؟
346	I remember hearing a very similar story to that.	أذكر أني سمعت قصة مشابهة.
1055	Is English harder than Japanese?	هل اللغة الإنجليزية أصعب من اليابانية؟
10430	The hard work begins now.	العمل الصعب يبدأ الآن.
9181	Tom bought each of his children a yellow umbrella.	توم اشترى لكل واحد من أبنائه مظلة صفراء.
11666	He was known to the English as King Philip.	عرفه الإنجليز باسم الملك فيليب.
6145	Parents need to encourage their children to read.	على الوالدين تشجيع أبناءهم على القراءة.
3935	You can't do two things at once.	لا يمكنك أن تفعل شيئين في الوقت ذاته.
7820	If it's possible, I'd like to exchange this for a larger size.	إذا سمحت، أريد إبدال هذا بمقاس أكبر.
11300	What do I have to do now that I'm registered?	ماذا أفعل الآن بعد أن أصبحت عضواً؟
1862	They fell one after another.	وقعوا واحداً تلو الآخر.
8613	Tom once worked as a tour guide.	عمل توم ذات مرة كمرشد سياحي .
5091	I'll stay there till six o'clock.	سأبقى هناك حتى الساعة السادسة.
9524	Can I speak to the person in charge?	هل لي أن أكلم المسؤول هنا؟
5893	If it rains tomorrow, will you stay at home?	هل ستبقى في المنزل إذا أمطرت غداً؟
721	I don't blame you.	أنا لا أضع اللوم عليك.
11336	She likes oranges, doesn't she?	إنها تحب البرتقال، أليس كذلك؟
8052	I want to read that book.	أريد قراءة ذلك الكتاب.
11921	He narrowly escaped death.	نجا من الموت بأعجوبة.
565	Let's not watch TV.	دعنا لا نشاهد التلفاز.
3695	The female student that sat in front of the teacher is from Germany.	الطالبة التي جلست أمام المدرّسة من ألمانيا.
8248	Tom knows he can do it.	توم يعلم أنه بإمكانه فعلها.
2866	We stayed there for three months.	بقينا هناك لمدة ثلاثة شهور.
4806	Are you good at tennis?	هل أنت ماهر في لعب التنس؟
5661	There are a few apples on the tree, aren't there?	هناك القليل من التفاح على الشجرة ، أليس كذلك؟
9691	I remember seeing her once on the street.	أتذكر أني رأيتها مرة على الطريق.
6061	This is the key that opens that door.	هذا هو المفتاح الذي يفتح الباب.
2735	Maybe you should turn off the television and do something else.	لربمّا عليك إطفاء التلفاز وعمل شيء آخر.
6468	After a while, the man came into the room.	بعد لحظة، دخل الرجل الى الغرفة.
5877	May I ask some questions?	هل لي ببعض الأسئلة؟
6311	Tom wouldn't allow Mary to do that.	لم يكن توم ليسمح لماري بفعل ذلك.
11570	Do you know anyone in Australia?	أتعرف أحدًا في أستراليا؟
5132	When I told Tom that I was hungry, he said he was hungry, too.	عندما أخبرت توم بأني جائع، أخبرني بأنه جائع هو الآخر.
1259	Are you sure that Tom wasn't the one who did that?	هل أنت متأكد أنه ليس توم من فعل هذا؟
10765	I was happy for him.	كنت سعيدة من أجله.
7409	I don't have the address now.	ليس معي العنوان الآن.
1151	If you're not with us then you're against us.	إذا لم تكن في صفنا فسنعدك من أعدائنا.
10484	Watch the rear. I'll watch the front.	راقب الجزء الخلفي . ساراقب انا الجزء الامامي.
1587	When I opened the door of the refrigerator, an apple fell out.	وقعت تفاحة عندما فتحت باب الثلاجة.
6739	Their friendship moved us deeply.	أثّرتْ فينا صداقتهم بشدة.
3772	He told me not to drive too fast.	نهاني عن القيادة بسرعة.
3606	He was traveling in the Philippines this time last year.	في مثل هذا الوقت من العام الماضي، كان مسافرًا إلى الفلبين.
3566	He just wants to have fun.	إنه يريد فقط الحصول على المتعة.
10100	Is Tom really going to Boston by himself?	أحقّا سيذهب توم إلى بوسطن لوحده؟
6852	Madrid is the capital of Spain.	عاصمة أسبانيا هي مدريد.
103	Can I take a break now?	أيمكنني أخذ قسط من الراحة الآن؟
4978	Tom said that his life was in danger.	قال توم إن حياته كانت في خطر.
4107	You can ask him for help.	يمكنك أن تطلب منه أن يساعدك.
426	May I ask you something?	هل لي أن أطلب منك شيئا؟
8407	No one believed his story.	لم يصدّق أحد قصّته.
552	The hijackers moved to the rear of the plane.	تحركوا خاطفو الطائرة الى مؤخرة الطائرة .
9604	Tom's house was built in 2013.	بُنِيَ منزل توم في 2013.
5045	She spent the weekend by herself.	أمضت نهاية الأسبوع كلها لوحدها.
3362	Take this chair. It's sturdy.	خذ هذا الكرسي فهو صلب.
863	I will never forget this.	لن أنس هذا أبدا.
3847	My dream is to become a teacher.	حلمي أن أصبح معلّماً.
10817	There must be a better way to do this.	لا بدّ أنّ هناك طريقة أفضل لفعل هذا.
8447	She's way taller than me.	الفرق بيني و بينها في الطول كبير.
1829	I like playing sports.	أحب ممارسة الألعاب الرياضية.
11883	He likes to sing in the bathtub.	يعجبه أن يغني في حوض الاستحمام.
2190	Doubt everything and everyone.	شك في كل شيء وكل شخص.
1176	I don't consider Tom a friend.	لا أعتبر توم صديقا لي.
4894	I'm not going to school on Saturday.	لن أذهب للمدرسة يوم السبت.
1319	You're in better shape than I am.	أنت في حالة أفضل مما أنا عليه.
4868	Why were you late this morning?	لماذا تأخرت هذا الصباح؟
8986	Tom seems to be very popular.	توم يبدوا معروفاً للغاية.
10363	What should I do?	ما الذي عليّ فعله؟
5593	I don't remember what happened anymore.	لم أعد أتذكر ما حصل.
1915	He works at a bank.	إنه يعمل في المصرف.
9456	I don't care what your mother said.	لا يهمني ما قالتهُ والدتك.
11708	I'm very sensitive to cold. May I have another blanket?	انا حساس جدا من البرد. ممكن اعطائي بطانية أخرى
9033	I don't want to look like a tourist.	لا ارغب ان ابدو كسائح .
9821	I would like to ask a question.	أود أن أسأل سؤال.
10787	"""Will it rain tomorrow?"" ""I hope not."""	هل ستمطر غدا؟ لا أتمني ذلك
5930	There are no hospitals in the vicinity of his house.	ليست هناك مستشفيات قرب بيته.
4355	Doing that would be dangerous.	سيكون فعل ذلك خطرًا.
10788	Your daughters have turned into women.	لقد أصبحت بناتك نساء.
10178	They don't even know why.	إنهم لا يعرفون لماذا حتى.
11789	I met Tom in the library on Monday.	قابلت توم في المكتبة يوم الاثنين.
5130	Tom is the only one who can do this.	توم هو فقط من يمكنه فعل هذا.
3412	Mom, Tom's hitting me!	أُمي, توم يضربني.
5520	I don't want to hear another word about it!	لا أُريد أن أسمع كلمة أُخرىَ عن هذا!
4432	Could I have a glass of white wine?	هل أستطيع الحصول على كأس من النبيذ الأبيض؟
10254	They are demanding shorter working hours.	هم يطالبون بساعات عمل أقل.
10113	I'm going to help you save some time.	سأساعدك في توفير بعض الوقت.
10921	I've heard this song before.	لقد سمعت هذه الأغنية من قبل.
8823	Who owns this house?	من مالك هذا البيت؟
3613	Are you older than Tom?	أأنت أكبر من توم؟
5352	Tom is waiting to talk to you.	ينتظرك توم للتحدث معك.
9462	Ostriches can't fly.	النعام لا يمكنه الطيران.
566	I knew that it was you.	كنت أعلم أنه أنت.
10509	Was it an earthquake?	هل كان ذلك زلزالا؟
5838	My sister saw it with her own eyes.	رأته أختي بأم عينيها.
8645	She ate only lean meat.	تأكل اللحم الطري فقط.
10271	I'm going there even if you don't go.	انا ذاهب الى هناك حتى ولو لم تذهب
132	If you want to dance, let's dance together.	إذا اردت أن ترقُص, هيا نرقص معاً.
9014	Water has zero calories.	الماء به صفر سعرات حرارية.
4436	Your house is three times as large as mine.	بيتك أكبر من بيتي ثلاث مرات.
1371	Though I was tired, I did my best.	مع أني كنت متعبا إلا أني قدمت أفضل ما عندي.
115	How many days do you usually need to get there?	كم يوماً تحتاج عادةً للوصول إلى هناك؟
11840	Can you find it?	أيمكنك أن تبحث عنها؟
2194	The station is not far from here.	المحطة ليست بعيدة عن هنا.
11528	Tom wanted to call the police, but Mary wouldn't let him.	أراد توم استدعاء الشرطة، ولكن ماري لم تسمح له.
7459	My older brother borrowed money from a loan shark.	اقترض أخي الأكبر مالاً من مرابي
11758	This is the time he normally arrives.	هذا هو الوقت الذي يصل فيه عادة.
2453	All of us should go.	علينا جميعا أن نذهب.
4370	He lost two sons in the war.	فقد ابنين في الحرب.
121	Don't you want to watch TV?	ألا تريد مشاهدة التلفاز؟
8299	I'm tired. It's been a long day.	أنا متعب. لقد كان يوماً طويلاً.
9816	Drivers should be aware of the traffic rules.	على السائقين أن ينتبهوا لقواعد المرور.
2657	Get Tom some water.	اجلب بعض الماء لتوم.
3385	I'm going to find a place of my own.	ساعثر علي مكان خاص بي
9092	Where would you suggest we go?	أين تقترح أن نذهب؟
11793	I have something that I want to say to you.	هناك ما أريد قوله لك.
7207	There were twenty or so people there.	كان هناك حوالي عشرون شخصاً.
1948	Tom has the ability to do that.	لتوم المقدرة على فعل ذلك.
3380	It seems right to me.	تبدو صحيحة بالنسبة لي.
428	We have to put off making a final decision until next week.	علينا أن نأجل القرار النهائي حتى الأسبوع القادم.
1500	Is this a picture that you yourself drew?	هل هذه صورة أنتِ رسمتِها بنفسك؟
2647	It was very kind of you to lend me an umbrella.	كان من عظيم لطفك أن أعرتني مظلةً.
2213	She can speak French fluently.	بإمكانها تحدث الفرنسية بطلاقة.
294	This is the worst movie I have ever seen.	هذا أسوأ فلم شاهدته في حياتي.
9967	People are living in all parts of the world.	الناس يعيشون في جميع أنحاء العالم.
8171	Who do you want to talk to?	مع من تريد أن تتحدث؟
10372	Your mother is in critical condition.	والدتك في حالة حرجة.
816	Falling in love is the most natural thing in the world.	لا شيء طبيعي أكثر من الوقوع في الحب.
8969	How much for half a kilo?	كم ثمن نصف كيلو؟
10441	My hair isn't as long as Tom's.	شعري ليس بطول شعر توم.
9736	I've finally finished writing the report.	أخيرا أنهيتُ كتابة التقرير.
12035	You talk as if you were the boss.	تتكلم و كأنك رئيسنا.
5346	We must go there whether we like it or not.	علينا الذهاب إلى هناك شئنا أم أبينا.
9898	A sane man wouldn't do that.	رجلاً عاقلاً لن يفعل هذا.
3560	His daughter and my son are good friends.	ابنته وابني صديقان جيدان.
7555	The rioters beat many policemen to death.	قام المتظاهرون بضرب العديد من رجال الشرطة حتى الموت.
5783	The Internet is very useful for knowing the circumstances of each part of the world.	الإنترنت مفيد جدا لمعرفة ظروف كل جزء من العالم.
2814	I may be old, but I can still ride a bike.	لربّما كنت كبير السن ولكنني لا زلت أستطيع ركوب الدراجة.
497	It isn't as cold here as I expected.	انها ليست باردة هنا كما توقعت.
1374	I'll fix you some coffee.	سأعد لك بعض القهوة.
666	The problem is that solar energy costs too much.	المشكلة أن الطاقة الشمسية تكلف كثيرا.
9909	The last person I told my idea to thought I was nuts.	آخِرُ شخصٍ أخبرتُه فكرتي ظنّنِيْ مجنونًا.
8130	She gave him a slap in the face.	لقد صفعته في الوجه.
2087	If you don't work, you can't eat.	إن لم تعمل لن تستطيع الأكل.
5880	Tom announced he was retiring.	أعلن توم عن تقاعده.
9493	Is this a gift for me?	هل هذهِ هدية لي؟
2753	She always buys expensive clothes.	إنها دائماً تشتري ثياباً ثمينة.
10400	Tom knows I like him.	توم يعرف أنني أوده.
6233	I'm not satisfied with what you've done.	لست راضيا عما فعلته.
10101	Tom is going to boarding school next year.	سيذهب توم إلى مدرسة داخلية في العام القادم.
6954	Is that pure gold?	هل هذا ذهب خالص؟
10777	Do you think this book is worth reading?	هل تعتقد أن هذا الكتاب يستحق القراءة؟
1494	He was very thirsty and asked for some water.	كان عطشاناً جداً فطلب القليل من الماء.
7870	I studied English when I was there.	درست الإنجليزية عندما كنت هناك.
7370	She was mad at her son.	هىَ كانت غاضبة علىَ إبنها.
2900	There are some books on the desk.	هناك بعض الكتب على المكتب.
8150	Come on! We'll be late.	هيا بنا! سنتأخر.
8034	She slapped his face.	صفعته كفاً على وجهه.
4884	It's impossible to tell for certain.	من المستحيل القول بشكلٍ قطعي.
8799	Where is the laundry?	أين الملابس التي تحتاج إلى غسل؟
1072	I told them to send me another ticket.	أخبرتُهُم أن يُرْسِلُوا لي تذِكرةً أُخرى.
6285	My life was in danger.	حياتي كانت في خطر.
5849	He went out in a hurry.	خرج علی عجلة من أمره.
11755	Children are often very good at learning foreign languages.	عادة ما يكون الأطفال ماهرين جداً في تعلم اللغات.
7253	Do you know how to use a computer?	هل تعرف كيف تستعمل الحاسوب؟
5871	You're Tom's friend, aren't you?	أنت صديق توم، أليس ذلك صحيحاً؟
1790	Wait till the rain stops.	انتظر حتى يتوقف المطر عن الهطول.
2181	This book hasn't yet been translated into French.	لم يُترجم هذا الكتاب إلى الفرنسية بعد.
11423	I don't know what to say.	لا أعرف ماذا أقول.
3639	The magazine comes out every week.	تصدر المجلة كل إسبوع.
9928	I think that Tom is hiding something.	أظنّ توم يخفي شيئًا.
5495	I don't know whether she will come.	لا أدري إن كانت ستأتي.
5900	Do you eat in the classroom?	هل تأكل في الفصل؟
4763	Do you like San Francisco?	هل تحب سان فرانسيسكو؟
8449	Nearly a thousand people participated in the demonstration.	شارك في المظاهرة ما يقارب ألف شخص.
9627	I hope everything goes OK.	آمل أن يسير كل شيء على ما يرام
9795	A broken-down car was standing in the middle of the road.	وقفت سيارة متعطلة في منتصف الطريق.
8752	Does Tom have doubts?	هل لدى توم شكوك؟
1276	Tom became depressed after Mary left him.	أصاب الإحباط توم بعدما تركته ماري.
1238	Stop teasing your brother!	توقفي عن غيظ أخيكِ!
4244	Would you mind standing aside?	هل تمانع في الوقوف جانبًا؟
264	Please don't run in the classroom.	من فضلك لا تركض في الصف.
9278	Everybody was very well dressed.	كان الجميع بملابس أنيقة.
7599	"""But don't you think that it's a little big?"" asked the shopkeeper."	"سألت صاحبة المحل: ""ولكن، ألا تظنها كبيرة قليلًا؟""."
10890	There are many words that I don't understand.	ثمّة العديد من الكلمات التي لا أفهمها.
3316	The samples were collected from two hundred medical institutions all over the world.	جُمِعت العيناتُ من مائتي مؤسسة طبية في جميع أنحاء العالم.
1701	The police officer fired a warning shot.	أطلق الشرطي رصاصة تحذيرية.
747	From the direction that he was going in, I would say he was headed to town.	بناءً على الاتجاه الذي سار فيه، أظن أنه كان متجهًا إلى البلدة.
2609	Is the snake alive or dead?	هل الثعبان حي أم ميت؟
5992	I've never seen Tom dance.	لم أرَ توم يرقص أبدا.
11422	Every house had a garden.	كان لكل بيت حديقة.
2405	Look at the boy jump!	أنظر إلى الولد و هو يقفز!
6932	This is never going to end.	هذا لن ينتهي أبدا.
11633	My father bought a new car.	اشترى أبي سيارة جديدة.
2296	What do you actually do in the office?	ما هي طبيعة عملك في المكتب؟
10307	I listen to the radio every night.	أستمع إلى المذياع كل ليلة.
6125	Are you busy tomorrow morning?	هل انت مشغول غداً صباحاً ؟
10867	All roads lead to Rome.	كل الطرق تؤدي إلى روما.
4187	He's come to make trouble.	إنهُ أتى ليصنع مشكلة.
9408	Please clean the floor with this mop.	من فضلك نظف الارض بهذه الممسحة
6655	I wonder why Tom said that.	أتساءل لماذا قال توم ذلك
