	eng	hun
93456	How often do you study French?	Milyen gyakran tanulsz franciául?
47175	They sat in the front row of the concert hall and heard the orchestra clearly.	A koncertterem első sorában ültek, és tisztán hallották a zenekart.
25150	It's all very new to me.	Ez mind nagyon új nekem.
18635	Tom and Mary don't live in the same state.	Tom és Mary nem ugyanabban az államban élnek.
75806	Tom says he didn't know Mary couldn't swim.	Tom azt mondja, nem tudta, hogy Mari nem tud úszni.
44385	Please wait here until I get back.	Kérlek, várj meg itt, amíg vissza nem jövök.
2666	Tom couldn't restrain himself.	Tom nem tudta visszafogni magát.
96869	I've come to take you home.	Azért jöttem, hogy haza vigyelek.
95184	I certainly have had great luck.	Bionyára csak mákom volt.
45270	Why don't you let me decide?	Miért nem hagysz dönteni?
19216	Tom and Mary agreed to leave the party before midnight.	Tom és Mary megegyeztek, hogy éjfél előtt elhagyják a partit.
95587	Make sure you check all the pockets for tissues before washing your clothes.	Győződj meg arról, hogy ellenőrizted az összes zsebet papír zsebkendő után kutatva, mielőtt kimosod a ruhádat!
59481	That suit doesn't fit Tom very well.	Ez a ruha nem áll túl jól Tominak.
89960	We still have a few hours left.	Még van egy pár óránk.
28696	Did Tom come to the party?	Tamás eljött a partira?
94669	I wish you would make a list of the newly published books.	Szeretném, ha készítenél egy listát az utóbbi időben publikált könyvekről.
11856	It might be too late.	Talán már túl késő.
65630	I like playing with my dog.	Szeretek a kutyámmal játszani.
59981	Simplicity is worse than robbery.	Az egyszerűség rosszabb, mint a rablás.
67142	My brother watches television.	Az öcsém tévét néz.
28550	Tom asked Mary to be his wife.	Tom megkérte Maryt, hogy legyen a felesége.
46683	Tom has two brothers. Neither of them live in Boston.	Tomnak két bratyója van. Egyikük sem él Bostonban.
110471	A green carpet will not go with this blue curtain.	Egy zöld szőnyeg nem megy a kék függönyhöz.
110328	I don't like to drink water with ice.	Nem szeretek olyan vizet inni, amiben jégkocka van.
109348	We'll be waiting for you in the car.	Az autóban fogunk rád várni.
7246	Just follow your heart.	Csak kövesd a szívedet.
26280	Tom wore an embarrassing costume.	Tom ciki kosztümöt hordott.
46963	I hate it when you're so happy.	Utálom, amikor ilyen boldog vagy.
230	You don't think I can swim, do you?	Nem gondolod, hogy tudok úszni, ugye?
100776	Come with me, both of you.	Gyertek velem, mindketten!
58515	Tom isn't here anymore.	Tom már nincs itt.
85515	It's as easy as ABC.	Egyszerű, mint az ágybaszarás.
973	I kind of like it.	Azt hiszem, tetszik nekem.
93200	We must alert the police.	Szólni kell a rendőrségnek.
86280	Nuclear weapons are a threat to all humanity.	A nukleáris fegyverek az egész emberiségre nézve veszélyt jelentenek.
66417	Not everyone could hear what Tom said.	Nem mindenki hallotta, amit Tomi mondott.
15062	Did you feed the dog this morning?	Megetetted a kutyát ma reggel?
10110	I'm writing a song in French.	Egy dalt írok franciául.
101838	I'm the new teacher.	Én vagyok az új tanár.
66818	The contract expires next year.	Jövőre lejár a szerződés.
42122	We came to apologize.	Azért jöttünk, hogy bocsánatot kérjünk.
44964	Tom stopped at a rest area.	Tom megállt egy pihenőnél.
102876	Don't be afraid to trust your intuition.	Ne félj a megérzéseidre hagyatkozni.
17324	I don't need permission to do that.	Nincs hozzá engedélyre szükségem.
105054	Many students go to Europe for the purpose of studying music.	Sok diák megy Európába zenét tanulni.
63794	An awful thing happened today.	Borzalmas dolog történt ma.
55739	You must never forget that.	Ezt soha ne felejtsétek el!
40384	The rich are getting richer.	A gazdagok még gazdagabbak lesznek.
61667	You may go as long as you come home early.	Elmehetsz, de csak ha korán hazajössz.
104715	How much have we saved this month?	Mennyit spóroltunk ebben a hónapban?
41966	People sometimes do stupid things.	Az emberek néha csinálnak hülyeségeket.
64778	I'm afraid I have to go now.	Attól tartok, most mennem kell.
35388	Tom is getting better day by day.	Tom napról napra jobbá válik.
7946	Just sit back and enjoy the show.	Dőlj hátra és élvezd a műsort!
42773	How shall we deal with this matter?	Hogyan kezeljük ezt az ügyet?
30013	Tom never skips classes.	Tamás sohasem lóg óráról.
1323	I know everything I need to know.	Mindent tudok, amit tudnom kell.
40335	Where they burn books, they will eventually burn people.	Ahol könyveket égetnek, ott előbb-utóbb embereket is égetni fognak.
57925	I wonder who started that rumor.	Szeretném tudni, ki indította el a pletykát.
9237	Tom knocked on the door and waited.	Tom kopogott az ajtón, majd várt.
21014	Put your hands down.	Tedd le a kezed!
76682	Tom fell off his mother's lap.	Tom leesett az anyja öléből.
82780	What did you just say to me?	Mit is mondtál nekem?
106674	I've seen Tom help people.	Láttam, hogy Tom segít az embereknek.
4827	I've always dreamed of living abroad.	Mindig is azon álmodoztam, hogy külföldön élek.
15034	I don't have anything to say to Tom.	Nincs mit mondanom Tamásnak.
26801	Go back to what you were doing.	Menj vissza a dolgodra!
80845	Are we eating out tonight?	Ma este elmegyünk enni valahova?
39157	Tom said Mary was angry.	Tom azt mondta, Mary mérges volt.
70836	I don't care what Tom thinks.	Teszek rá, mit gondol Tamás.
43476	They walked three miles farther.	Négy kilométert mentek még.
31477	Tom will be arriving any moment.	Tom pillanatokon belül meg fog érkezni.
12446	It seems that Tom only eats fruits and vegetables.	Úgy tűnik, hogy Tom csak gyümölcsöt és zöldséget eszik.
110026	I think you know what I'm talking about.	Azt hiszem, tudod, hogy miről beszélek.
65877	The children competed with each other for their mother's attention.	A gyerekek versengtek egymással édesanyjuk figyelméért.
26512	We had a blast.	Nagyon jól éreztük magunkat.
108073	I can't resist her.	Nem tudok ellenállni neki.
108537	It isn't your fault.	Nem az ön hibája.
22840	Everything is now back to normal.	Most minden visszatért a normális kerékvágásba.
61977	We've been married for nearly thirty years.	Közel harminc éve házasok vagyunk.
45110	I'm not sure what it means.	Nem biztos, hogy tudom, hogy mit jelent.
36569	You should receive them by the end of the week.	Meg kéne kapnia a hét végére.
84489	My brother works in a bank.	A bátyám egy bankban dolgozik.
64157	I think you should ignore Tom.	Szerintem nem kéne tudomást venned Tomról.
102339	He will have spent all his money by the end of the month.	A hónap végére az összes pénzét el fogja költeni.
107808	I knew this was going to happen.	Tudtam, hogy ez fog történni.
89374	When and where shall we meet?	Mikor és hol találkozzunk?
94647	When should I feed my dog?	Mikor kellene megetetnem a kutyámat?
25378	Tom wants a pony.	Egy pónit akar magának Tomi.
87349	Nobody would see us.	Senki nem látna meg minket.
34048	Bus drivers might go on strike.	A buszsofőrök talán sztrájkolni fognak.
24365	You don't get to tell me what to do ever again.	Neked többé nincs módod megmondani, hogy mit tegyek.
10120	Tom wiped the lipstick off his cheek.	Tom letörölte a rúzst az arcáról.
102497	Tom has loved Mary for a long time.	Régóta szereti már Tomi Marit.
49974	How could something like this have gone unnoticed?	Hogy maradhatott valami ennyire észrevehetetlen?
10388	He has been to many places.	Már sok helyen járt.
57297	Tom could tell by Mary's accent that she wasn't a native speaker.	Mari kiejtéséből Tomi meg tudta állapítani, hogy nem anyanyelvű.
54574	Tom was scared and confused.	Tamás félt és össze volt zavarodva.
82285	The situation was hopeless.	A helyzet reménytelen volt.
107728	Tom is all bark and no bite.	Tom csak ugat, de nem harap.
10801	I know Tom isn't alone.	Tudom, hogy Tomi nincs egyedül.
94215	This was easier than I thought it would be.	Ez könnyebb volt, mint gondoltam.
35149	What's that on your face?	Mi az az arcodon?
68088	How can we prove it actually happened?	Hogyan tudjuk bebizonyítani, hogy ez valóban megtörtént?
8720	It's on your desk.	Ott van az asztalodon.
64899	I wish this was over.	Bárcsak vége lenne már!
1376	You've made a lot of mistakes.	Sok hibát követett el.
68419	Tom is getting really angry.	Tom kezd nagyon ideges lenni.
89107	Don't make me come back here.	Ne akard, hogy visszajöjjek!
15357	Do you think animals have a soul?	Gondolja, hogy van az állatoknak lelke?
63872	I know what you've done.	Tudom, hogy mit tettél.
86085	You have no idea what this is, do you?	Fogalmad sincs róla, hogy ez mi, igaz?
108981	It is rude to point at others.	Másokra mutogatni illetlen dolog.
49678	She talks as if she knew everything.	Úgy beszél, mintha mindent tudna.
109879	My name is very rare in my country.	Nagyon ritka a nevem az országomban.
83779	Are you spending enough time with your kids?	Elég időt töltesz a gyerekeiddel?
712	Stop worrying and get some sleep.	Ne izgasd magad, aludj egyet!
59140	The book's illustrations are very good.	A könyv illusztrációi nagyon jók.
25429	Tom made a quick calculation in his head.	Tom gyors fejszámolást végzett.
64127	I'll meet you in an hour.	Egy óra múlva találkozunk.
110146	He was robbed when coming home late at night.	Kirabolták, amikor késő este hazafelé tartott.
23479	This always makes me laugh.	Ez minden alkalommal megnevettet.
3622	Tom never said that he wanted to leave.	Tom soha nem mondta, hogy el akar menni.
86526	The bus is running about ten minutes late.	A busz nagyjából tíz perc késésben van.
17483	Mom loves you more than me.	Téged jobban szeret anyu, mint engem.
35498	Tom enjoyed himself at the party.	Tom jól érezte magát a partin.
76805	I can't stand people who lie all the time.	Ki nem állhatom az olyan embereket, akik állandóan hazudnak.
52626	I'll tell you what to do.	Megmondom neked, hogy mi a teendő.
25280	I will finish this work somehow.	Valahogy befejezem ezt a munkát.
709	Don't flirt with me, Tom.	Ne flörtölj velem, Tom!
65560	Just follow your heart.	Tedd csak, amit a szíved diktál.
88718	She likes Russian pop.	Kedveli az orosz popzenét.
38740	How old were you when you started studying French?	Hány éves voltál, amikor elkezdtél franciául tanulni?
61048	Tom and Mary purchased a small parcel of land on the edge of town, where they plan to grow vegetables.	Tom és Mary vásároltak egy kis telket a város szélén, ahol a terveik szerint zöldségeket fognak termeszteni.
6546	She ignored him all day.	Egész nap levegőnek nézte.
71106	What do you do exactly?	Pontosan mivel is foglalkozol?
38908	Please do it this way.	Így csináld, kérlek.
26596	Tom worked all day without taking a break.	Tom egész nap dolgozott, szünet nélkül.
49118	How do I get to the train station?	Hogyan jutok el a vasútállomásra?
12582	It's all in the file.	Minden benne van a dossziéban.
7047	She doesn't have as much patience as you do.	Neki nincs olyan sok türelme, mint neked.
101509	Do you think our team will win?	Úgy gondoljátok, hogy nyerni fog a csapatunk?
85604	How often do you wash your hair?	Milyen gyakran mosod a hajad?
68870	Who taught you that?	Azt ki tanította neked?
7366	He is a friendly person.	Ő egy barátságos ember.
72868	Don't believe the media.	Ne higgy a médiának!
46195	What he said turned out to be a lie.	Kiderült, hogy amit mondott, hazugság.
44259	Don't mind me, Tom. Just keep doing whatever it is you were doing.	Ne is törődj velem, Tom. Csak csináld tovább, amit eddig csináltál.
12106	Tom never forgave me.	Tom sohasem bocsátott meg nekem.
63930	Tom sat down on the floor.	Tom leült a földre.
93116	Much can be learned by observing how a child interacts at play with other children.	Sokat lehet tanulni abból, ha megfigyeljük, hogyan játszik egy gyerek a többiekkel.
19271	Tom knew there was only one exit.	Tom tudta, hogy csak egy kijárat van.
65084	Do you understand how it works?	Érted, hogy működik?
71103	My mother died when I was a kid.	Anyám meghalt, amikor gyermek voltam.
27452	I flew to Boston last week.	Múlt héten Bostonba repültem.
84766	That can be done.	Ezt meg lehet tenni.
41575	I don't want to leave you here on your own.	Nem akarlak itt magadra hagyni.
34019	He is one of my best friends.	Ő a legjobb barátaim egyike.
93751	May I have your birth date?	Megkérdezhetem, mikor született?
47400	Compare your answer with Tom's.	Hasonlítsd össze a válaszodat Toméval!
24028	How long is that story?	Milyen hosszú a történet?
3190	Tom has been trying to contact Mary all week.	Tom egész héten próbált Maryvel kapcsolatba lépni.
102451	Do you ask every new employee that question?	Minden új alkalmazottnak ezt a kérdést teszed föl?
43352	The function of the heart is to pump blood.	A szív feladata, hogy pumpálja a vért.
90267	I think I'm dying.	Azt hiszem, haldoklom.
33282	This is a good dictionary.	Ez egy jó szótár.
31941	He asked her to marry him, but she refused.	Megkérte a kezét, de ő kikosarazta.
44509	I bought this at the train station.	A vasútállomáson vettem ezt.
78506	Can I ask you something personal?	Kérdezhetek tőled valami személyeset?
102227	Tom has to cook dinner tonight.	Ma este Tomnak kell vacsorát főznie.
103033	In fact, you are quite right.	Tényleg, igazad van.
14325	I have never been to the States.	Sohasem voltam az Államokban.
57981	Tom gave me these old coins.	Tomi adta nekem ezeket a régi pénzérméket.
65429	We haven't yet bought a Christmas tree.	Mi még nem vettünk fenyőfát.
78132	We must reduce energy demand.	Csökkentenünk kell az energiafelhasználásunkat.
35121	Tom ate one slice of Swiss cheese.	Tom megevett egy szelet svájci sajtot.
27623	You have to hold on.	Ki kell még bírnod ezt.
108041	The museum is closed now.	A múzeum most zárva van.
53761	I live on the bottom floor.	Az alsó szinten lakom.
10471	Is it true that ginger increases circulation and improves your metabolism?	Igaz, hogy a gyömbér fokozza a vérkeringést, és javítja az anyagcserét?
61964	This doesn't fit into any category.	Ez nem fér bele egyetlen kategóriába sem.
6191	Nobody takes me anywhere.	Senki nem visz engem sehova.
33904	Tom is already making progress.	Tom máris halad előre.
30301	Mary was annoyed when Tom turned up unannounced, because it wasn't a convenient time for her.	Mary bosszús lett, hogy Tom bejelentés nélkül jelent meg, mert az időpont nem volt alkalmas a számára.
65645	Tom works on a farm not too far from here.	Tom nem túl messze egy gazdaságban dolgozik.
70853	I wish I had bought a smaller house.	Bárcsak kisebb házat vettem volna!
96078	I have no opinion on that matter.	Nincs véleményem a dologról.
20506	You're bound to succeed in the long run.	Hosszú távon biztosan sikerülni fog neked.
10553	Would you two give us a minute, please?	Egy kicsit magunkra hagynátok minket?
38156	A traffic accident caused us a lot of trouble.	Egy közlekedési baleset sok gondot okozott nekünk.
86813	I, too, am a teacher.	Én is tanár vagyok.
80821	What a beautiful day!	Milyen szép napunk van!
31525	I don't go to Australia anymore.	Többé nem megyek Ausztráliába.
42436	There are still some things we need to do.	Van még néhány dolog, amit meg kell csinálnunk.
37267	I let you win.	Hagyom én, hogy ti győzzetek.
57081	I can hear Tom snoring in the next room.	Hallom, ahogy Tom a másik szobában horkol.
30092	Let's meet again soon.	Találkozzunk megint valamikor mostanában.
54563	Tom'll find out.	Tamás rá fog jönni.
99680	Tom generally makes good decisions based on a realistic appraisal of the situation he's faced with.	Tom általában reális értékelésen alapuló helyes döntést szokott hozni a helyzetről, amellyel szembesül.
58637	Neither of those books is interesting.	A közül a két könyv közül semelyik sem érdekes.
47497	Get off your soapbox.	Fejezd be a szónoklatot!
15925	How did you get my number?	Honnan van meg a számom?
57079	Tom will land in Boston in an hour and a half.	Tom másfél óra alatt Bostonban fog landolni.
21236	Tom is a quiet boy.	Szótlan srác a Tomi.
88321	Why do you need another bicycle?	Miért kell egy másik kerékpár?
71620	I missed the first thirty minutes of the movie.	Kihagytam a film első harminc percét.
19896	Come here and help me.	Gyere ide és segíts nekem.
83691	You're more than welcome to pop in whenever you like.	Bármikor beugorhatsz hozzánk, szívesen látunk.
36910	Why do you need another bicycle?	Miért van szükséged még egy kerékpárra?
75111	He won the race easily.	Könnyedén megnyerte a versenyt.
10463	Won't you turn on the light?	Nem kapcsolnád le a lámpát?
40011	It really stinks in here.	Nagyon büdös van itt.
64488	You should return all the library books before the end of the year.	Minden könyvtári könyvet vissza kell vinni év végéig.
90771	I put three teaspoons of sugar in your tea.	Három teáskanál cukrot tettem a teádba.
97422	I thought going out to eat together would cheer you up.	Gondoltam, ha elmennénk valahova enni, az felvidítana.
98230	You're nothing but trouble.	Veled csak baj van.
106374	That's not a real problem.	Ez nem igazi probléma.
86123	I really like being alone.	Tényleg szeretek egyedül lenni.
77192	Tom is normally really quiet.	Tom általában igen nyugodt.
96903	I don't even know what that is.	Azt sem tudom, hogy mi az.
59954	That's the right attitude.	Ez a megfelelő viselkedés.
47188	I find her very pretty.	Nagyon csinosnak tartom őt.
46967	I have mixed feelings about this.	Vegyes érzéseim vannak ezzel kapcsolatban.
94498	Tell us what you saw.	Mondd el nekünk, mit láttál!
69420	He arrived as soon as he could.	Jött, amint tudott.
13880	Wouldn't you like to go with us?	Nem szeretnél velünk menni?
49151	Open the window, please.	Kérem, nyissa ki az ablakot.
46085	There is a flower on the table.	Van egy virág az asztalon.
403	Turtles don't have teeth.	A teknősbékának nincs foga.
2852	I'll be going to Boston with you.	El fogok menni veled Bostonba.
41964	When Tom is at home, he doesn't want to talk about work.	Ha Tom otthon van, nem akar munkáról beszélni.
95543	I want to live in a castle.	Egy várban élnék szívesen.
6385	Tom had to resign.	Tomnak le kellett mondania.
103045	Tom doesn't know I'm Canadian.	Tom nem tudja, hogy kanadai vagyok.
9785	What payment options are available?	Milyen fizetési lehetőségek állnak rendelkezésre?
13991	Tom is living in an apartment.	Tom egy szállóban lakik.
24706	Don't put anything on the box.	Ne tegyen semmit a dobozra!
5034	I'm no different from any other father.	Én is egy vagyok az apák közül.
18466	Tom deserved what he got.	Tom megérdemelte, amit kapott.
898	The smell was horrible.	A szag szörnyű volt.
46204	You need a new bicycle?	Új bicóra van szükséged?
98205	What should I do next?	Mi legyen a következő lépés?
7610	Please be honest with me.	Kérlek, légy őszinte velem.
45012	Our forces occupied the city.	Csapataink bevették a várost.
7499	It seems a long way from here to town.	Úgy tűnik, még hosszú az út innen a városig.
12855	How about a beer?	Lenne kedved egy sörhöz?
97077	I know you can do this.	Tudom, hogy ezt meg tudod tenni.
83684	Come home before it gets dark.	Sötétedés előtt gyere haza.
75523	I think this isn't going to be enough.	Szerintem ez nem lesz elég.
70810	Atlantis sank into the sea.	Atlantisz elsüllyedt a tengerbe.
71567	Most of the passengers were Canadians.	A legtöbb utas kanadai volt.
54079	Tom didn't give me a chance to explain what I meant.	Tom esélyt sem adott, hogy elmagyarázzam, mire gondolok.
105907	We go back to Boston next week.	Jövő héten utazunk vissza Bostonba.
13927	There's a sparrow on the windowsill.	Egy veréb van az ablakpárkányon!
20978	I can protect Tom.	Meg tudom védeni Tomit.
47771	The dog was so clever that he seemed almost human.	A kutya olyan ügyes volt, hogy embernek lehetett volna hinni.
104896	She waited for hours and hours.	Hosszú órákon át várt.
55304	The roof was damaged by the storm.	A tetőt a vihar rongálta meg.
102824	He lives across the street.	Keresztbe az útnál lakik.
11650	Tom was a single dad.	Tom egyedülálló apa volt.
77182	Tom went to visit Mary in the hospital.	Tamás elment Máriát meglátogatni a kórházban.
78237	Tom will find another lawyer for you.	Tom majd keres neked egy másik ügyvédet.
22867	Make me some coffee.	Csinálj nekem egy kis kávét!
111652	The cement was still wet.	A cement még mindig nedves volt.
78327	Graham Greene is one of my favorite authors.	Graham Greene az egyik kedvenc szerzőm.
108045	Teenagers are often embarrassed to be seen in public with their parents.	A tinik gyakran szégyellik, ha nyilvánosan mutatkoznak a szüleikkel.
87623	There are both freshwater and saltwater mussels.	Megkülönböztetünk édesvízi- és tengeri kagylókat.
59128	It isn't their fault.	Ez nem az ő hibájuk.
1163	I asked you not to come here.	Megkértem önöket, hogy ne jöjjenek ide.
84908	Would you mind my opening the window?	Megengedné, hogy kinyissam az ablakot?
76840	Where's my computer?	Hol van a számítógépem?
6165	I have heard that song sung in French.	Már hallottam ezt a dalt franciául énekelve.
37671	Surely there was some mistake.	Bizonyára csak valami félreértés volt.
52060	This'll be our secret.	Ez a mi titkunk lesz.
46647	At least I'll die happy.	Legalább boldogan fogok meghalni.
103406	I don't want you doing that.	Nem akarom, hogy azt tedd.
6995	Tom is having a bad day.	Tamásnak rossz napja van.
4249	He got more than he bargained for.	Többet kapott, mint amennyiben megállapodtak.
27306	I deserve to know the truth.	Megérdemlem, hogy tudjam az igazat.
33069	Why did you buy this bicycle?	Ti ezt a kerékpárt miért vettétek meg?
39411	Why don't you help Tom?	Miért nem segítesz Tamásnak?
24594	This no longer matters.	Ennek már nincs jelentősége.
34802	They died while waiting to be rescued.	Meghaltak, miközben arra vártak, hogy kimentsék őket.
8844	I have no place to stay.	Nincs hol meghúznom magam.
83588	For some reason the microphone didn't work earlier.	Valamiért nem működött a mikrofon.
56091	Tom put on a silly party hat.	Tom felvett egy bolondos party kalapot.
12969	I knew you'd come back.	Tudtam, hogy vissza fogsz jönni.
79488	What else will you need?	Mi más kell még neked?
44720	We yawn when we are short of oxygen.	Ásítunk, ha oxigénhiányban szenvedünk.
106034	Don't leave them alone.	Ne hagyd őket magukra!
50466	Tom sat on a stool in the corner.	Tom egy hokedlin ült a sarokban.
50432	I'm not really that thirsty.	Nem igazán vagyok szomjas.
97603	Mary was pleasantly surprised, when she got home from work, to find that Tom had already prepared the evening meal.	Mary kellemesen meglepődött, amikor hazaért a munkából, hogy Tom már elkészítette a vacsorát.
5330	I know who you all are.	Tudom, kik vagytok.
109930	Do you know the name of this flower?	Tudod, hogy mi a neve ennek a virágnak?
12080	Nobody offered Tom a seat.	Senki nem kínálta hellyel Tomot.
38206	I have to go on a diet to lose weight.	Diétáznom kell, hogy fogyjak.
68548	It must be past midnight.	Éjfélnek már el kellett múlnia.
45583	Nothing seemed to be working.	Semmi nem tűnik működőképesnek.
100812	I just can't work out what makes Tom tick.	Egyszerűen nem tudom megfejteni, hogy mi Tom mozgatórugója.
102745	We can meet next week if you want.	Találkozhatunk jövő héten, ha akarod.
99043	The world is a crazy place.	A világ egy eszméletlen hely.
24581	Tom always makes me laugh.	Tamás mindig megnevettet engem.
87233	Tell the teacher your name.	Mondd meg a tanárnak a nevedet!
81606	Let's try to find a way to help Tom.	Próbáljuk meg kitalálni, hogyan segítsünk Tomnak.
65835	That was a huge breakthrough.	Ez óriási áttörés volt.
92762	No one can resist Tom's charm.	Tom bájának senki sem tud ellenállni.
101220	They've been at it for hours.	Órák óta ezzel foglalatoskodnak.
37313	Hey, don't run in the hallway.	Hékás, ne rohangálj a folyosón!
27784	Do you know anything about complex carbohydrates?	Tudsz valamit az összetett szénhidrátokról?
43225	Tom warmed up a can of ravioli for dinner.	Tom felmelegített egy ravioli konzervet vacsorára.
67882	Tom's name isn't on the list.	Tom neve nincs a listán.
91204	Tom will be coming back Monday.	Tom hétfőn fog visszajönni.
74797	Tom listened to an audiobook.	Tom egy hangoskönyvet hallgatott.
73542	We were all so thirsty.	Mindannyian nagyon szomjasak voltunk.
32707	Tom wasn't leaving.	Tom nem ment el.
86877	I wrote a letter to my teacher.	Írtam egy levelet a tanáromnak.
21021	This gift is for my friend.	Ez egy ajándék a barátom részére.
76851	Tom and Mary never spoke again.	Tamás és Mari nem beszéltek többé.
1267	Tom said that he felt homesick.	Tamás mondta, hogy honvágya van.
73525	Have you finished your homework yet?	Befejezted-e már a házifeladatot?
101995	About dinner time, Rev. King was on the balcony outside his room.	Körülbelül vacsoraidőben King tiszteletes kint volt a szobája erkélyén.
15519	Tom needs to see me right away.	Tomnak most azonnal látnia kell engem.
21393	The South Pole is a lot colder than the North Pole.	A Déli-Sark sokkal hidegebb, mint az Északi-Sark.
29677	Even poisonous snakes will only attack if they feel threatened.	Még a mérges kígyók is csak akkor támadnak, ha fenyegetve érzik magukat.
9	The worst is already behind us.	A legrosszabbat már letudtuk.
79975	I'm very satisfied with your results.	Nagyon meg vagyok elégedve az eredményeiddel.
76671	I will go there even if it rains.	Odamegyek, még akkor is, ha esik.
71171	I need your answer by the end of the day.	Ma estére szükségem van a válaszodra.
4034	I've left my charger at home.	Otthon hagytam a töltőm.
109097	Why don't you just come clean and tell the truth?	Miért nem tisztázod magad és mondod el az igazat?
42839	I will stay home tomorrow.	Holnap otthon fogok maradni.
35804	Tom has said some really mean things to me.	Tom mondott nekem néhány nagyon undok dolgot.
8832	I'm proud to be your father.	Büszke vagyok, hogy apád lehetek.
109666	I don't like the way you look.	Nem szeretem, ahogy nézel.
69248	I didn't express myself well.	Nem fejeztem ki magamat jól.
91962	Is your car black?	Fekete a te gépjárműd?
106267	Tests start next week.	Az írásbelik a következő héten kezdődnek.
52612	Most Japanese eat rice every day.	A legtöbb japán mindennap eszik rizst.
57462	What do you usually wear to work?	Általában a munkában mit viselsz?
32229	Where's your notebook?	Hol van a noteszed?
57174	Tom worked in a factory.	Tom egy gyárban dolgozott.
31812	I'll buy a watch for my son.	Veszek egy karórát a fiamnak.
44813	Tom always wears blue shirts.	Tom mindig kék inget visel.
10356	Those roses aren't as beautiful as these.	Azok a rózsák nem olyan szépek, mint ezek.
5837	Why is this cabinet locked?	Miért van ez a szekrény bezárva?
87382	It's a good question.	Ez egy jó kérdés.
52679	No one I know wears a tie anymore.	Senki, akit ismerek, nem visel többé nyakkendőt.
43754	I stayed at home because I was sick.	Otthon maradtam, mert beteg voltam.
6697	I do work related to computers.	Számítógéppel kapcsolatos munkát végzek.
32041	Tell Tom the air conditioner needs to be repaired.	Szóljon Tomnak, hogy a légkondicionálót meg kell javítani.
85320	You don't realize how lucky you are.	Fel sem fogod, mennyire szerencsés vagy.
101288	Tom thought that Mary was having money problems.	Tamás azt gondolta, hogy Máriának anyagi problémái vannak.
97681	I don't know where we are.	Nem tudom, hol vagyunk.
66468	The doctor told Tom that he should drink more water.	Az orvos azt tanácsolta Tominak, hogy igyon több vizet.
67459	You are fortunate to have such loving parents.	Szerencsés vagy, hogy ilyen szerető szüleid vannak.
83556	Let's see if it happens.	Figyeld csak meg, hogy az történik!
8462	When was the last time you used a toll road?	Legutoljára mikor vettél igénybe fizetős utat?
69035	Tom lives in a house without running water.	Tom egy házban él, vezetékes víz nélkül.
71829	You're too late. Everything's been sold.	Későn jöttél. Minden el lett adva.
58812	Tom never forgets anything.	Tom soha nem felejt el semmit.
61189	I'm trying to work out this problem.	Próbálom megoldani ezt a problémát.
81239	Drop by my office any time.	Térj be az irodámba bármikor!
68836	Lots of people make that mistake.	Sok ember elköveti azt a hibát.
5381	Is the museum open today?	Nyitva van ma a múzeum?
30506	He breathed deeply before entering his boss's office.	Vett egy mély lélegzetet, mielőtt belépett főnöke irodájába.
17867	Have you ever seen me doing that?	Láttál már te engem, hogy én ezt csinálom?
93099	It's Tom's job to keep them from doing that.	Béla feladata, hogy figyeljen rá, ne csinálják azt.
52874	I'm here to apologize.	Azért vagyok itt, hogy bocsánatot kérjek.
105876	Tom said he didn't have enough time to make his own lunch.	Tom azt mondta, nincs elég ideje, hogy ebédet főzzön magának.
66548	I'll be here all afternoon.	A délután folyamán itt vagyok.
110280	I hope all but one of your dreams come true, so you always have something to strive for.	Azt remélem, hogy egy kivételével minden álmod valóra válik, így mindig lesz valami, amit megvalósíthatsz.
21084	My best friend always gives me good advice.	A legjobb barátom mindig jó tanácsot ad nekem.
13873	Why don't you tell us a story?	Mondj el nekünk egy történetet.
67251	If I don't do it now, I never will.	Ha most nem teszem meg, akkor soha.
101341	I'm coming to help you.	Jövök, hogy segítsek neked.
96464	I'll be there as soon as I can get there.	Ott leszek, amint csak tudok.
44741	I'm glad that we got rid of Tom.	Örülök, hogy megszabadultunk Tomtól.
72904	That knife came in very handy, didn't it?	Az a kés nagyon jól jött, ugye?
548	I'm in the building now.	Bent vagyok most az épületben.
26610	She came to Tokyo when she was eighteen years old.	Tizennyolc éves korában jött Tokióba.
22933	This room is large enough.	Ez a szoba elég nagy.
8797	I don't want to talk about my child.	Nem szeretnék a gyerekemről beszélni.
62712	There was a striking resemblance between them.	Feltűnő hasonlóság volt köztük.
39317	Where can I wash my hands?	Hol tudok kezet mosni?
106249	My doctor told me that I should swim at least three times a week.	Azt mondta az orvosom, hetente legalább háromszor kellene úsznom.
10551	Listen to me carefully.	Most nyisd ki jól a füleidet!
24802	Would you please open the window?	Kinyitnád, kérlek, az ablakot?
99341	I already know what I'm going to do.	Tudom már, mit fogok most tenni.
101644	Tom is sleeping in his chair.	Tom a székében alszik.
76545	What reason could I possibly have to lie to you?	Mi okom lehetne arra, hogy hazudjak neked?
16948	Tom wants to learn how to create a website.	Tom meg akarja tanulni, hogyan kell egy weboldalt létrehozni.
82232	The stewardess asked if there was a doctor on the flight.	A stewardess megkérdezte, hogy van-e orvos az utasok között.
51137	I'm not leaving until you tell me where I can find Tom.	Nem megyek el amíg nem mondod meg, hogy hol találom Tomot.
97258	Tom wants to find a less stressful job.	Tom egy kevésbé stresszes munkát akar találni.
85268	We made quite a team.	Egészen jó csapatot alkottunk.
83000	I might be the only one here who doesn't understand French.	Lehet, hogy én vagyok itt az egyetlen, aki nem ért franciául.
71609	I'm really sorry about all this.	Mindezek miatt én igazán szomorú vagyok.
8537	I won't go to Boston anymore.	Nem megyek többé Bostonba.
8692	I hope that nobody comes.	Remélem, nem jön senki.
12697	Were you home last night?	Otthon voltatok tegnap este?
2003	Don't trust anyone, not even Tom.	Senkinek ne higgy, még Tominak se!
96610	I met Tom at church.	Tomival a templomnál találkoztam.
67989	Most guitars have six strings.	A gitárok többségének hat húrja van.
82861	Leave the dog outside.	Hagyd kint a kutyát!
97259	What do you know about the CIA?	Mit tud a CIA-ról?
13442	Can you tell wheat from barley?	Meg tudod különböztetni a búzát az árpától?
48969	I think Tom and Mary would make a nice couple.	Szerintem, Tomi és Mari szép pár lennének.
59499	I'm running out of patience.	Kezdek kitérni a hitemből.
35434	Tom never did that.	Tom ezt soha nem tette meg.
22318	Tom can't tie his own shoes.	Tom nem tudja bekötni a saját cipőjét.
1394	I don't have the strength to keep trying.	Nincs erőm tovább próbálkozni.
82195	It was quite dark when I got home.	Egészen sötét volt, amikor hazamentem.
20926	Tom asked Mary to come inside.	Tamás megkérte Marit, hogy jöjjön be.
31990	It's difficult but not impossible.	Nehéz, de nem lehetetlen.
51511	The cat caught a mouse.	A macska egeret fogott.
27030	When did you buy this bicycle?	Mikor vettétek ezt a bicót?
34377	I don't feel like playing tennis today.	Nincs kedvem ma teniszezni.
89365	We need some help here.	Kellene itt egy kis segítség.
66867	Doctors use medical equipment.	Az orvosok orvosi berendezéseket használnak.
81417	What are you guys up to?	Mit csináltok, srácok?
84750	I've been working with Tom for three months.	Három hónapja dolgozom Tommal.
6872	All the workers at this factory are female.	Az összes munkás ebben a gyárban nő.
86005	It was hot and humid.	Forró volt és nedves.
96013	In case of emergency, call 119.	Sürgősség esetén hívjuk a 119-et.
74678	Tom isn't going to like it.	Tomnak nem fog tetszeni.
25553	I don't want Tom to make a fuss.	Nem akarom, hogy Tom nagy felhajtást csináljon.
1146	Get off my property now.	Azonnal tűnjön el a birtokomról!
87663	The dog looks hungry.	A kutya éhesnek néz ki.
5927	Which continent is the most populated one?	Melyik kontinens a legnépesebb?
16560	Tom often sends me jokes.	Tom gyakran küld nekem vicceket.
99310	Tom agreed with Mary's assessment.	Tom egyetértett Mary értékelésével.
38056	Tom knew he'd be punished.	Tom tudta, hogy meg fogják büntetni.
108939	This house is abandoned.	Ez egy elhagyatott ház.
31062	We can't do that here.	Itt nem tudjuk megcsinálni.
49925	I intend to change jobs.	Tervezem, hogy munkahelyet változtatok.
75730	He felt pleased with the new car.	Elégedett volt az új autójával.
111398	Are you still mad at me?	Még mindig mérges vagy rám?
79452	I never had to worry about money.	Sosem kellett aggódnom a pénz miatt.
7849	I would rather let him have his own way.	Inkább hagynám a saját feje után menni.
110436	Don't let yourself be provoked.	Ne hagyd, hogy kihozzanak a béketűrésedből!
10287	The elephant is the largest land animal.	Elefánt a legnagyobb szárazföldi állat.
91429	I don't have a car.	Nincs egy autóm se.
57722	Do you really want to go home now?	Tényleg haza szeretnél most menni?
7284	Tom buys and sells cars.	Tomi adja-veszi az autókat.
49002	She misses him, especially on rainy days.	Hiányzik neki, különösen esős napokon.
34177	Tom may have been right.	Lehet, hogy Tamásnak volt igaza.
38511	Tom filled both glasses with wine.	Tomi megtöltötte borral mindkét poharat.
5949	This room heats easily.	Ez a szoba könnyen felmelegszik.
14796	Tom put his keys into his pocket.	Tomi zsebre tette a kulcsait.
9228	How will we get there?	Hogyan jutunk el oda?
59134	Where's your baggage?	Hol van a csomagod?
50287	What's your home phone number?	Mi az otthoni telefonszámod?
33578	It's not an easy subject to talk about.	Nem olyan könnyű erről a témáról beszélni.
16067	I really feel like eating Chinese food tonight.	Ma este nagyon szívesen ennék kínai ételt.
28653	I don't want to go by myself.	Nem akarok egyedül menni.
44942	Is mail delivered on Sunday?	Nyitva van a posta vasárnap?
38930	Whose socks are these?	Kié ezek a zoknik?
23540	I'm a sucker for happy endings.	Imádom a boldog befejezéseket.
8675	That's a great idea.	Az egy nagyszerű ötlet.
18157	Venus and Earth are almost the same size.	A Vénusz és a Föld majdnem egyforma méretűek.
27000	The soap hurt my eyes.	Csípi a szemem a szappan.
36463	Tom hasn't completely recovered yet.	Tom még nem épült fel teljesen.
48937	I am sure that you will be satisfied.	Biztos vagyok benne, hogy meg leszel elégedve.
70363	He made up the whole story.	Csak kitalálta az egész történetet.
97611	You must write the essay in French.	Az esszét muszáj franciául írnod.
3666	The concert will take place next summer.	A koncert jövő nyáron lesz.
3770	Tom is definitely not a liar.	Biztos, hogy Tomi nem hazug ember.
7063	He looks older than my brother.	Idősebbnek néz ki, mint a fivérem.
3073	Tom is in a good mood today.	Tominak ma jó a kedve.
61907	I didn't write anything in my notebook.	Nem írtam semmit a noteszomba.
17870	Would you mind my using this dictionary?	Megengedi, hogy használjam ezt a szótárt?
79990	A lot of people feel the same way you do.	Sok ember érez úgy, ahogy te.
7401	Don't be so sentimental.	Ne légy olyan szentimentális!
78023	"""Is everyone talking about me?"" ""No, Tom. You're not that important."""	— Rólam beszél mindenki? — Nem, Tomi. Te nem vagy olyan fontos.
59040	Is this cage shark-proof?	Ez a ketrec cápabiztos?
72490	I had an amazing experience.	Csodálatos élményben volt részem.
68989	Tom lost his temper and hit Mary.	Tom elvesztette az önuralmát és megütötte Máriát.
83066	The year went by quickly.	Gyorsan eltelt az év.
69080	They need food and water.	Víz és élelmiszer kell nekik.
94720	I don't want you to wash my clothes.	Nem akarom, hogy te mosd a ruháimat.
99253	This book is mine.	Ez a könyv az enyém.
46810	Have you ever climbed Mt. Fuji?	Megmászta-e már a Fudzsit?
78220	I need to do some shopping since Christmas is coming soon.	Vásárolnom kell, mert közel a karácsony.
20309	I need the work.	Szükségem van a munkára.
17731	My reckoning was correct.	Helyes volt a számításom.
32754	The oven is still warm.	A sütő még meleg.
27211	Turn the light on. I can't see a thing.	Kapcsold fel a lámpát! Nem látok semmit.
111784	Tom wanted to go to Boston.	Tamás Bostonba akart menni.
97285	What will my parents think?	Mit gondolnak majd a szüleim?
15200	I know you want to go home.	Tudom, hogy haza akarsz menni.
4386	What're you going to do with it?	Mit fogsz csinálni vele?
73026	My brother became an engineer.	A testvérem mérnök lett.
13792	I feel like eating some roasted chestnuts.	Bevágnék most néhány sült gesztenyét.
39443	I must discuss that new plan with him.	Meg kell vitatnom vele ezt az új tervet.
69095	I think that I have a right to know what's going on here.	Úgy gondolom, jogom van tudni, hogy mi folyik itt.
8893	The coffee is too strong.	Ez a kávé nagyon erős.
69793	Why did you buy this car?	Miért vették meg ezt az autót?
13205	I've never traveled by train.	Eddig még soha nem utaztam vonattal.
81559	I pretended to work.	Úgy tettem, mintha dolgoznék.
